nr,sex,location,introduction,age,tl
38,3,Tallinna laht,2005,0,29
40,3,Tallinna laht,2005,0,33
42,3,Tallinna laht,2005,0,39
48,3,Tallinna laht,2005,0,46
54,3,Kihnu,2012,1,35.26185836473359
56,3,Kihnu,2012,1,42.80063566689648
63,3,Kihnu,2012,1,44.39366087542747
68,3,Kihnu,2012,1,22.427018637910336
6,0,Kihnu,2012,1,66.46328140465872
8,0,Kihnu,2012,1,33.56747767639455
11,0,Kihnu,2012,1,49.75108718928632
15,0,Kihnu,2012,1,60.444841369809055
29,0,Kihnu,2012,1,57.599270031889404
40,0,Kihnu,2012,1,39.620309406920455
49,0,Kihnu,2012,1,51.30843923776706
51,0,Kihnu,2012,1,26.42111068041198
2,1,Kihnu,2012,1,70.85355739416875
4,1,Kihnu,2012,1,41.86080395345538
7,1,Kihnu,2012,1,65.31403750286555
9,1,Kihnu,2012,1,47.01872044129161
19,1,Kihnu,2012,1,83.52014475870293
36,1,Kihnu,2012,1,26.24486423687773
37,1,Kihnu,2012,1,73.10861210657221
18,3,Kihnu,2012,1,42.11973362396531
26,3,Kihnu,2012,1,33.17253288109216
31,3,Kihnu,2012,1,62.198086502871064
38,3,Kihnu,2012,1,29.337317497478125
39,3,Kihnu,2012,1,25.731012031308616
50,3,Kihnu,2012,1,17.370984341643712
5,0,Kihnu,2012,1,48.68078151485173
12,0,Kihnu,2012,1,53.76086297675703
13,0,Kihnu,2012,1,32.38034039384959
20,0,Kihnu,2012,1,62.46045863097933
21,0,Kihnu,2012,1,25.16739311510472
22,0,Kihnu,2012,1,65.43749797358679
25,0,Kihnu,2012,1,45.41737530007143
35,0,Kihnu,2012,1,56.63224625243836
43,0,Kihnu,2012,1,48.206061258541126
14,1,Kihnu,2012,1,45.14391591088034
24,1,Kihnu,2012,1,56.3961581336595
27,1,Kihnu,2012,1,51.99504924739183
41,1,Kihnu,2012,1,67.6722743308227
78,1,Kihnu,2012,1,58.17166177229204
30,3,Kihnu,2012,1,51.90165776173516
1,0,Kihnu,2012,1,45.389192251809796
16,0,Kihnu,2012,1,39.123739350749574
44,0,Kihnu,2012,1,48.22828250914313
76,0,Kihnu,2012,1,52.01977638313115
3,1,Kihnu,2012,1,47.04072547197182
33,1,Kihnu,2012,1,37.42181367472217
34,1,Kihnu,2012,1,60.1080923660881
47,1,Kihnu,2012,1,30.43302098710977
73,1,Kihnu,2012,1,61.9738966760582
74,1,Kihnu,2012,1,39.4990225643114
75,1,Kihnu,2012,1,50.291724398471445
32,3,Kihnu,2012,1,26.85290059811577
48,0,Kihnu,2012,1,29.242515045990974
29,0,Kõiguste,2014,1,55.9147082649777
31,1,Kõiguste,2014,1,40.83969884827037
22,3,Kõiguste,2014,1,28.118332243794963
23,3,Kõiguste,2014,1,32.904315764570356
30,3,Kõiguste,2014,1,24.465094064512424
35,3,Kõiguste,2014,1,27.399637224558035
15,0,Kõiguste,2014,1,44.190483822305126
16,0,Kõiguste,2014,1,42.70546375200287
20,0,Kõiguste,2014,1,36.8274352119944
21,0,Kõiguste,2014,1,45.11614836955681
24,0,Kõiguste,2014,1,36.62605128990772
27,0,Kõiguste,2014,1,45.63309114506254
28,0,Kõiguste,2014,1,44.50466658101896
34,0,Kõiguste,2014,1,29.666070293661427
36,0,Kõiguste,2014,1,32.64553641823443
40,0,Kõiguste,2014,1,48.44841384420596
47,0,Kõiguste,2014,1,54.6678927884392
48,0,Kõiguste,2014,1,58.2448571793948
5,1,Kõiguste,2014,1,52.46117536403274
7,1,Kõiguste,2014,1,68.5737655474448
9,1,Kõiguste,2014,1,69.42013487369455
13,1,Kõiguste,2014,1,40.82829186101759
25,1,Kõiguste,2014,1,32.726103499150106
37,1,Kõiguste,2014,1,51.46300850048773
38,1,Kõiguste,2014,1,90.73085947041798
42,1,Kõiguste,2014,1,44.5540471234524
44,1,Kõiguste,2014,1,72.95085539389488
46,1,Kõiguste,2014,1,46.74815849589285
51,1,Kõiguste,2014,1,59.18275136482788
58,1,Kõiguste,2014,1,67.51324439000386
14,3,Kõiguste,2014,1,36.913653233990246
18,3,Kõiguste,2014,1,48.88697528847958
19,3,Kõiguste,2014,1,33.596104175538024
26,3,Kõiguste,2014,1,37.49440119971752
33,3,Kõiguste,2014,1,36.9426156836753
52,3,Kõiguste,2014,1,47.73556661873096
3,0,Kõiguste,2014,1,49.78168585821976
17,0,Kõiguste,2014,1,34.68576441586398
43,0,Kõiguste,2014,1,58.024823073600786
45,0,Kõiguste,2014,1,46.381834221274964
50,0,Kõiguste,2014,1,43.404156666871486
4,1,Kõiguste,2014,1,34.66333130787639
6,1,Kõiguste,2014,1,49.3505014218353
8,1,Kõiguste,2014,1,37.60164681325799
12,1,Kõiguste,2014,1,46.67493213103573
49,1,Kõiguste,2014,1,32.26147651145701
53,1,Kõiguste,2014,1,48.85557522340066
54,1,Kõiguste,2014,1,58.253687871946454
55,1,Kõiguste,2014,1,69.9056238478366
56,1,Kõiguste,2014,1,56.392267416346726
61,1,Kõiguste,2014,1,54.74495069286272
1,0,Kõiguste,2014,1,40.58682133506873
11,0,Kõiguste,2014,1,44.59501781502217
10,1,Kõiguste,2014,1,42.92403787366075
57,1,Kõiguste,2014,1,37.81031884485082
59,1,Kõiguste,2014,1,47.179742201744695
60,1,Kõiguste,2014,1,58.12129413676764
49,0,Käsmu,2012,1,50.752700386341964
85,0,Käsmu,2012,1,100.44945904641294
48,3,Käsmu,2012,1,35.9085743285039
50,3,Käsmu,2012,1,35.50836268590519
51,3,Käsmu,2012,1,27.443312634790825
52,3,Käsmu,2012,1,31.554238004495982
53,3,Käsmu,2012,1,24.336522525191864
54,3,Käsmu,2012,1,34.77215881026371
55,3,Käsmu,2012,1,27.78257898300903
16,0,Käsmu,2012,1,42.69336661437679
17,0,Käsmu,2012,1,40.94864615283193
20,0,Käsmu,2012,1,26.86540029445924
21,0,Käsmu,2012,1,21.146577374709004
15,1,Käsmu,2012,1,39.58158889449569
37,1,Käsmu,2012,1,46.38494188877689
19,3,Käsmu,2012,1,40.006333027195126
5,0,Käsmu,2012,1,30.958844102738375
18,0,Käsmu,2012,1,38.745766379210174
30,0,Käsmu,2012,1,48.504629091343936
36,0,Käsmu,2012,1,34.740293115172555
39,0,Käsmu,2012,1,49.97621686171149
42,0,Käsmu,2012,1,44.369204981651635
1,1,Käsmu,2012,1,46.062791442072054
2,1,Käsmu,2012,1,37.152371720615825
10,1,Käsmu,2012,1,37.283953400033376
11,1,Käsmu,2012,1,35.14322049920672
12,1,Käsmu,2012,1,38.67708956812752
13,1,Käsmu,2012,1,28.099155577758975
14,1,Käsmu,2012,1,26.293865052871542
24,1,Käsmu,2012,1,36.363171837028894
25,1,Käsmu,2012,1,46.631749087716486
26,1,Käsmu,2012,1,54.04398032601713
27,1,Käsmu,2012,1,29.647798426424185
32,1,Käsmu,2012,1,37.516855021573704
33,1,Käsmu,2012,1,49.267704571639506
34,1,Käsmu,2012,1,51.375954901532715
35,1,Käsmu,2012,1,67.63871740773628
38,1,Käsmu,2012,1,42.35231934483801
41,1,Käsmu,2012,1,35.62280499208588
4,3,Käsmu,2012,1,34.04971597592741
22,3,Käsmu,2012,1,22.504611391492134
28,3,Käsmu,2012,1,25.365739285375707
31,3,Käsmu,2012,1,22.415503999779947
40,0,Käsmu,2012,1,29.747063638903477
43,0,Käsmu,2012,1,29.66989879479646
44,0,Käsmu,2012,1,32.33021789411786
45,0,Käsmu,2012,1,32.451788201602305
46,0,Käsmu,2012,1,51.33258570262901
47,0,Käsmu,2012,1,45.60306985687461
7,1,Käsmu,2012,1,55.70330827406623
8,1,Käsmu,2012,1,52.81972758448845
74,0,Käsmu,2012,1,36.66886589603628
17,0,Matsalu,2016,1,45.57349988318064
20,0,Matsalu,2016,1,52.16134261677422
21,0,Matsalu,2016,1,78.79002161893438
1,0,Matsalu,2016,1,50.302913562109055
3,0,Matsalu,2016,1,58.3254508777093
6,0,Matsalu,2016,1,34.70132973318796
7,0,Matsalu,2016,1,23.964785006396315
8,0,Matsalu,2016,1,55.98610286442451
9,0,Matsalu,2016,1,43.824368130666485
14,0,Matsalu,2016,1,29.417982929464475
16,0,Matsalu,2016,1,55.199591789323804
18,0,Matsalu,2016,1,47.16663646780387
22,0,Matsalu,2016,1,56.149069659048
25,0,Matsalu,2016,1,44.4630314207806
32,0,Matsalu,2016,1,50.6300731626276
33,0,Matsalu,2016,1,36.08824449395517
35,0,Matsalu,2016,1,59.64013080670522
43,0,Matsalu,2016,1,70.39371521118326
19,1,Matsalu,2016,1,43.38116658755297
38,1,Matsalu,2016,1,51.305816714837654
39,1,Matsalu,2016,1,58.204975918504026
40,1,Matsalu,2016,1,50.67551076820826
42,1,Matsalu,2016,1,50.03709728135128
44,1,Matsalu,2016,1,69.95855291652462
45,1,Matsalu,2016,1,38.20370903669002
48,1,Matsalu,2016,1,69.3165495108297
50,1,Matsalu,2016,1,48.335375488964914
53,1,Matsalu,2016,1,58.502172234870145
10,3,Matsalu,2016,1,54.16315153164605
11,3,Matsalu,2016,1,57.731417159178996
12,3,Matsalu,2016,1,33.37939728917684
13,3,Matsalu,2016,1,43.949495955159485
4,3,Matsalu,2016,1,33.3082561654708
15,3,Matsalu,2016,1,18.892127123528876
23,3,Matsalu,2016,1,27.650465875563622
24,3,Matsalu,2016,1,37.66003487178951
26,3,Matsalu,2016,1,25.63975501036303
28,3,Matsalu,2016,1,41.066112608961916
30,3,Matsalu,2016,1,52.9053673236849
31,3,Matsalu,2016,1,32.93945543027579
41,3,Matsalu,2016,1,47.710044703032764
46,3,Matsalu,2016,1,55.877082398093215
47,3,Matsalu,2016,1,58.89359870853572
52,3,Matsalu,2016,1,46.540041487996035
54,1,Matsalu,2016,1,56.08975027230267
49,1,Matsalu,2016,1,74.56045401415786
35,0,Saarnaki,2016,1,62.33149879484077
41,0,Saarnaki,2016,1,77.29994078946036
43,0,Saarnaki,2016,1,65.64196874477516
45,0,Saarnaki,2016,1,74.21732562195106
10,1,Saarnaki,2016,1,99.77930867573411
34,1,Saarnaki,2016,1,63.7193908110222
37,1,Saarnaki,2016,1,71.35429731627124
4,3,Saarnaki,2016,1,72.67753705591248
5,3,Saarnaki,2016,1,60.81656362983245
8,3,Saarnaki,2016,1,87.61693456591767
23,3,Saarnaki,2016,1,61.1140407251914
24,3,Saarnaki,2016,1,58.23977212007738
25,3,Saarnaki,2016,1,58.50977070449936
36,3,Saarnaki,2016,1,58.6181495668698
38,3,Saarnaki,2016,1,71.80752147901396
44,3,Saarnaki,2016,1,41.851240238642085
1,0,Saarnaki,2016,1,32.12224629438834
12,0,Saarnaki,2016,1,47.4035795551002
14,0,Saarnaki,2016,1,49.27897809163618
16,0,Saarnaki,2016,1,49.1478967842346
18,0,Saarnaki,2016,1,58.786696639546726
19,0,Saarnaki,2016,1,37.77624415029124
20,0,Saarnaki,2016,1,61.41243670582822
22,0,Saarnaki,2016,1,36.4399993808828
26,0,Saarnaki,2016,1,23.619919236249117
29,0,Saarnaki,2016,1,53.01992966728485
40,0,Saarnaki,2016,1,63.11644252970512
2,1,Saarnaki,2016,1,41.50269838656027
7,1,Saarnaki,2016,1,50.690844610779386
9,1,Saarnaki,2016,1,51.197463744627164
11,1,Saarnaki,2016,1,50.98066134470803
15,1,Saarnaki,2016,1,46.50434166403286
17,1,Saarnaki,2016,1,57.99862343412171
21,1,Saarnaki,2016,1,40.842204021981644
31,1,Saarnaki,2016,1,71.15830667851515
32,1,Saarnaki,2016,1,46.883178143922706
33,1,Saarnaki,2016,1,68.39048863973876
39,1,Saarnaki,2016,1,59.87735491129203
46,1,Saarnaki,2016,1,51.69157017052633
47,1,Saarnaki,2016,1,61.206191174369614
49,1,Saarnaki,2016,1,51.43233525913499
51,1,Saarnaki,2016,1,51.403493136416294
52,1,Saarnaki,2016,1,52.770224135045
53,1,Saarnaki,2016,1,55.247453183786405
54,1,Saarnaki,2016,1,39.025270721782995
57,1,Saarnaki,2016,1,60.02823299683607
3,3,Saarnaki,2016,1,28.869489287888673
28,3,Saarnaki,2016,1,53.15385639729253
30,3,Saarnaki,2016,1,60.39144951632642
59,1,Saarnaki,2016,1,94.45886592764529
37,3,Tallinna laht,2005,1,11.78851648548098
53,3,Tallinna laht,2005,1,22.116488494085544
54,3,Tallinna laht,2005,1,32.45117594159012
49,3,Tallinna laht,2005,1,13.832613190769635
60,3,Tallinna laht,2005,1,18.4686172955752
15,0,Tallinna laht,2005,1,67.30987841225159
29,0,Tallinna laht,2005,1,46.903270476313565
59,3,Tallinna laht,2005,1,27.145891351841364
36,0,Tallinna laht,2005,1,24.22015379517746
6,1,Tallinna laht,2005,1,43.41302328701611
26,1,Tallinna laht,2005,1,38.80208447760473
31,0,Tallinna laht,2005,1,33.04981619791033
32,0,Tallinna laht,2005,1,26.79760088891272
2,1,Tallinna laht,2005,1,51.12582406033947
9,1,Tallinna laht,2005,1,35.207697078660935
11,1,Tallinna laht,2005,1,40.10897944100832
12,1,Tallinna laht,2005,1,29.684046293112843
14,1,Tallinna laht,2005,1,32.44965919422834
28,1,Tallinna laht,2005,1,46.470477206057325
8,0,Tallinna laht,2005,1,38.73092780912471
10,0,Tallinna laht,2005,1,38.3340474620602
13,0,Tallinna laht,2005,1,37.61447889106186
19,0,Tallinna laht,2005,1,30.43883932107914
21,0,Tallinna laht,2005,1,41.52246481818163
22,0,Tallinna laht,2005,1,32.107253957749506
24,0,Tallinna laht,2005,1,48.60105737441319
30,0,Tallinna laht,2005,1,33.30968672867567
35,0,Tallinna laht,2005,1,17.890232826031124
3,1,Tallinna laht,2005,1,40.53809648512003
4,1,Tallinna laht,2005,1,32.73434957612802
25,1,Tallinna laht,2005,1,60.902172820265726
34,1,Tallinna laht,2005,1,22.382059016840135
1,0,Tallinna laht,2005,1,31.35967036066237
7,0,Tallinna laht,2005,1,36.90040711927677
16,0,Tallinna laht,2005,1,37.76595951639094
18,0,Tallinna laht,2005,1,45.800971380749075
27,0,Tallinna laht,2005,1,39.03492173492165
33,0,Tallinna laht,2005,1,25.8117134965805
5,0,Tallinna laht,2005,1,32.54890875049628
17,0,Tallinna laht,2005,1,64.73452834392516
20,0,Tallinna laht,2005,1,43.81728569888218
23,0,Tallinna laht,2005,1,30.3164208540749
5,1,Vilsandi,2013,1,71.79739912597948
9,1,Vilsandi,2013,1,66.767857034796
4,3,Vilsandi,2013,1,70.35261998982881
8,3,Vilsandi,2013,1,63.59728060592047
48,3,Vilsandi,2013,1,35.76857026489919
49,3,Vilsandi,2013,1,29.200657083687396
50,3,Vilsandi,2013,1,36.28958600499343
51,3,Vilsandi,2013,1,34.52591315359937
52,3,Vilsandi,2013,1,34.5405740347694
54,3,Vilsandi,2013,1,37.32011779032919
58,3,Vilsandi,2013,1,23.466089541452984
60,3,Vilsandi,2013,1,38.303587035584066
61,3,Vilsandi,2013,1,30.211546302177528
2,0,Vilsandi,2013,1,44.059198847572375
3,0,Vilsandi,2013,1,39.52218806830217
6,0,Vilsandi,2013,1,29.463016135166328
7,0,Vilsandi,2013,1,46.53405412008415
12,0,Vilsandi,2013,1,52.727603108446374
15,0,Vilsandi,2013,1,34.95867376923507
19,0,Vilsandi,2013,1,55.38181327710906
1,1,Vilsandi,2013,1,73.34274875850055
13,1,Vilsandi,2013,1,64.09628981980364
26,1,Vilsandi,2013,1,50.603230101449384
36,1,Vilsandi,2013,1,80.4175136693356
16,3,Vilsandi,2013,1,48.23453729694611
17,3,Vilsandi,2013,1,47.020026586799666
18,3,Vilsandi,2013,1,40.47872085758882
21,3,Vilsandi,2013,1,62.8265933249707
22,3,Vilsandi,2013,1,30.826533578267277
34,3,Vilsandi,2013,1,66.93999067397206
39,3,Vilsandi,2013,1,60.77714923063959
20,0,Vilsandi,2013,1,38.14203784520313
25,0,Vilsandi,2013,1,65.35431334542662
32,0,Vilsandi,2013,1,30.70679933375242
33,0,Vilsandi,2013,1,43.15148369924043
11,1,Vilsandi,2013,1,36.70993557485792
27,1,Vilsandi,2013,1,48.99301509382951
29,1,Vilsandi,2013,1,43.91812131689406
30,1,Vilsandi,2013,1,63.15334915502224
31,1,Vilsandi,2013,1,55.35947499269634
44,1,Vilsandi,2013,1,79.80716060836966
23,3,Vilsandi,2013,1,48.35847275737433
37,3,Vilsandi,2013,1,38.80984628972678
40,3,Vilsandi,2013,1,38.58720705831797
42,3,Vilsandi,2013,1,75.57898970598781
24,0,Vilsandi,2013,1,47.29739779162257
35,0,Vilsandi,2013,1,58.10164898358633
38,0,Vilsandi,2013,1,74.22399591267985
41,0,Vilsandi,2013,1,27.8818474681041
43,1,Vilsandi,2013,1,40.84558676361767
6,0,Kihnu,2012,2,158.7685716338617
8,0,Kihnu,2012,2,87.13758490719185
11,0,Kihnu,2012,2,104.01740742976361
15,0,Kihnu,2012,2,138.16436258872085
29,0,Kihnu,2012,2,147.75936532561894
40,0,Kihnu,2012,2,90.20125723981356
49,0,Kihnu,2012,2,78.33285732717046
51,0,Kihnu,2012,2,68.86726480736489
2,1,Kihnu,2012,2,148.50073998432367
4,1,Kihnu,2012,2,129.8910709316294
7,1,Kihnu,2012,2,139.43374509061246
9,1,Kihnu,2012,2,92.3237136576363
19,1,Kihnu,2012,2,167.805612512873
36,1,Kihnu,2012,2,120.63501298686155
37,1,Kihnu,2012,2,121.62945704450837
18,3,Kihnu,2012,2,109.26208474236614
26,3,Kihnu,2012,2,108.69270537613035
31,3,Kihnu,2012,2,127.88236933308893
38,3,Kihnu,2012,2,90.01940201956049
39,3,Kihnu,2012,2,87.65382301546256
50,3,Kihnu,2012,2,71.58577247465233
5,0,Kihnu,2012,2,101.24451633106321
12,0,Kihnu,2012,2,128.75347853287218
13,0,Kihnu,2012,2,70.23321893309796
20,0,Kihnu,2012,2,109.00991836163729
21,0,Kihnu,2012,2,89.1826965618907
22,0,Kihnu,2012,2,106.47293899119796
25,0,Kihnu,2012,2,106.14797380957621
35,0,Kihnu,2012,2,110.24741015176029
43,0,Kihnu,2012,2,111.44459779593645
14,1,Kihnu,2012,2,94.45644648655697
24,1,Kihnu,2012,2,127.18095083635264
27,1,Kihnu,2012,2,113.48684108524355
41,1,Kihnu,2012,2,139.23669761468778
78,1,Kihnu,2012,2,159.0929634715365
30,3,Kihnu,2012,2,125.91376937595389
1,0,Kihnu,2012,2,81.58749036195273
16,0,Kihnu,2012,2,64.11082407398871
44,0,Kihnu,2012,2,118.30863466311851
76,0,Kihnu,2012,2,131.33302396897068
3,1,Kihnu,2012,2,96.95248704399431
33,1,Kihnu,2012,2,88.4328259453098
34,1,Kihnu,2012,2,97.265855791181
47,1,Kihnu,2012,2,93.83488762782738
73,1,Kihnu,2012,2,112.39271844375284
74,1,Kihnu,2012,2,111.88642283252899
75,1,Kihnu,2012,2,74.62855307231925
32,3,Kihnu,2012,2,53.751452616091356
48,0,Kihnu,2012,2,69.39028139990924
29,0,Kõiguste,2014,2,93.13719014122559
31,1,Kõiguste,2014,2,79.37418111757592
22,3,Kõiguste,2014,2,70.04025262262172
23,3,Kõiguste,2014,2,72.91666914673554
30,3,Kõiguste,2014,2,72.43857275419231
35,3,Kõiguste,2014,2,57.36987035883857
15,0,Kõiguste,2014,2,85.17657937762117
16,0,Kõiguste,2014,2,78.13603014752161
20,0,Kõiguste,2014,2,84.81955735807747
21,0,Kõiguste,2014,2,78.09462103068002
24,0,Kõiguste,2014,2,69.692533637099
27,0,Kõiguste,2014,2,76.26394263359224
28,0,Kõiguste,2014,2,85.68282938445013
34,0,Kõiguste,2014,2,55.541265686493624
36,0,Kõiguste,2014,2,57.40853579511511
40,0,Kõiguste,2014,2,97.8077097085113
47,0,Kõiguste,2014,2,110.84699983183003
48,0,Kõiguste,2014,2,102.38660313156075
5,1,Kõiguste,2014,2,108.4866846287498
7,1,Kõiguste,2014,2,135.53184091031216
9,1,Kõiguste,2014,2,134.64055624493955
13,1,Kõiguste,2014,2,84.37444797604631
25,1,Kõiguste,2014,2,74.82305336891183
37,1,Kõiguste,2014,2,137.4530967471079
38,1,Kõiguste,2014,2,173.6057061562798
42,1,Kõiguste,2014,2,105.06284232150335
44,1,Kõiguste,2014,2,133.5602607923127
46,1,Kõiguste,2014,2,113.15583973821218
51,1,Kõiguste,2014,2,139.28262932472626
58,1,Kõiguste,2014,2,129.73395990943058
14,3,Kõiguste,2014,2,70.84488987786268
18,3,Kõiguste,2014,2,87.39775289528819
19,3,Kõiguste,2014,2,75.62208572701125
26,3,Kõiguste,2014,2,77.6982139950597
33,3,Kõiguste,2014,2,75.07356275533391
52,3,Kõiguste,2014,2,89.83119025983996
3,0,Kõiguste,2014,2,122.19222585626932
17,0,Kõiguste,2014,2,82.1758878778062
43,0,Kõiguste,2014,2,119.38904511392914
45,0,Kõiguste,2014,2,107.82176248668145
50,0,Kõiguste,2014,2,124.03173127651962
4,1,Kõiguste,2014,2,89.12139934304632
6,1,Kõiguste,2014,2,121.11283548287432
8,1,Kõiguste,2014,2,114.32157829200702
12,1,Kõiguste,2014,2,109.02042475268068
49,1,Kõiguste,2014,2,100.93016774273713
53,1,Kõiguste,2014,2,121.73976909742576
54,1,Kõiguste,2014,2,119.96253113056274
55,1,Kõiguste,2014,2,142.92369660769197
56,1,Kõiguste,2014,2,121.49625218581359
61,1,Kõiguste,2014,2,114.66885211318323
1,0,Kõiguste,2014,2,100.28710193975516
11,0,Kõiguste,2014,2,115.06563132059514
10,1,Kõiguste,2014,2,102.35556302862213
57,1,Kõiguste,2014,2,114.4452880858748
59,1,Kõiguste,2014,2,102.15866290408714
60,1,Kõiguste,2014,2,122.68663425760114
16,0,Käsmu,2012,2,89.46286953141906
17,0,Käsmu,2012,2,97.20839229537049
20,0,Käsmu,2012,2,62.640357706716514
21,0,Käsmu,2012,2,68.57004973565482
15,1,Käsmu,2012,2,94.48079443439659
37,1,Käsmu,2012,2,98.58050805581472
19,3,Käsmu,2012,2,92.53703765410157
5,0,Käsmu,2012,2,65.47565151615777
18,0,Käsmu,2012,2,79.55055245340644
30,0,Käsmu,2012,2,75.19412910560533
36,0,Käsmu,2012,2,72.9739567505742
39,0,Käsmu,2012,2,99.12511657037501
42,0,Käsmu,2012,2,91.85821315345697
1,1,Käsmu,2012,2,92.4815843421979
2,1,Käsmu,2012,2,79.7378438268402
10,1,Käsmu,2012,2,158.7830946018921
11,1,Käsmu,2012,2,98.85438641437673
12,1,Käsmu,2012,2,96.16306397792148
13,1,Käsmu,2012,2,52.859387725354715
14,1,Käsmu,2012,2,54.58106725911755
24,1,Käsmu,2012,2,110.22849859021483
25,1,Käsmu,2012,2,100.1196651377822
26,1,Käsmu,2012,2,114.96741314920286
27,1,Käsmu,2012,2,91.2930392355904
32,1,Käsmu,2012,2,86.15735137966398
33,1,Käsmu,2012,2,134.46090861729095
34,1,Käsmu,2012,2,136.59903359139466
35,1,Käsmu,2012,2,180.6980310422666
38,1,Käsmu,2012,2,91.68686216068406
41,1,Käsmu,2012,2,77.5602048061436
4,3,Käsmu,2012,2,73.74425988593543
22,3,Käsmu,2012,2,63.774430985862026
28,3,Käsmu,2012,2,50.62592437663394
31,3,Käsmu,2012,2,54.743431192254015
40,0,Käsmu,2012,2,74.78269170007887
43,0,Käsmu,2012,2,83.8297428781165
44,0,Käsmu,2012,2,93.00651205468608
45,0,Käsmu,2012,2,70.54703534773924
46,0,Käsmu,2012,2,108.57382647820927
47,0,Käsmu,2012,2,101.63850012712842
7,1,Käsmu,2012,2,129.39569775495636
8,1,Käsmu,2012,2,113.61763399276629
74,0,Käsmu,2012,2,142.3639733323497
1,0,Matsalu,2016,2,112.67763970430843
3,0,Matsalu,2016,2,97.45911192104035
6,0,Matsalu,2016,2,89.73858776922256
7,0,Matsalu,2016,2,76.62065702200951
8,0,Matsalu,2016,2,111.3013829259614
9,0,Matsalu,2016,2,112.63954302919596
14,0,Matsalu,2016,2,92.79571784015637
16,0,Matsalu,2016,2,101.84199750369504
18,0,Matsalu,2016,2,105.04792160038483
22,0,Matsalu,2016,2,124.08021963714776
25,0,Matsalu,2016,2,118.50901371322624
32,0,Matsalu,2016,2,114.93084006204502
33,0,Matsalu,2016,2,102.9860760200293
35,0,Matsalu,2016,2,153.26067751536536
43,0,Matsalu,2016,2,143.11543515418782
19,1,Matsalu,2016,2,121.98850725782525
38,1,Matsalu,2016,2,148.39925424270078
39,1,Matsalu,2016,2,132.05034164610294
40,1,Matsalu,2016,2,135.4565682261316
42,1,Matsalu,2016,2,123.73105200075251
44,1,Matsalu,2016,2,155.0780771949358
45,1,Matsalu,2016,2,128.2110206207923
48,1,Matsalu,2016,2,153.3292574160615
50,1,Matsalu,2016,2,135.29681934318273
53,1,Matsalu,2016,2,139.64711973706906
10,3,Matsalu,2016,2,127.03475027954978
11,3,Matsalu,2016,2,129.65952493604973
12,3,Matsalu,2016,2,89.1307013296249
13,3,Matsalu,2016,2,109.34210617602828
4,3,Matsalu,2016,2,114.87416181647617
15,3,Matsalu,2016,2,93.16431390516661
23,3,Matsalu,2016,2,94.71052639625802
24,3,Matsalu,2016,2,117.11618339933432
26,3,Matsalu,2016,2,98.77973936924914
28,3,Matsalu,2016,2,111.8715166235023
30,3,Matsalu,2016,2,107.14982829822215
31,3,Matsalu,2016,2,108.780310223561
41,3,Matsalu,2016,2,125.29206653231212
46,3,Matsalu,2016,2,135.88851375134277
47,3,Matsalu,2016,2,123.65074123080034
52,3,Matsalu,2016,2,135.2331559391572
54,1,Matsalu,2016,2,144.69564377363798
49,1,Matsalu,2016,2,138.175074791464
45,0,Saarnaki,2016,2,38.17572428819489
1,0,Saarnaki,2016,2,95.32921221725412
12,0,Saarnaki,2016,2,125.07778376946105
14,0,Saarnaki,2016,2,111.19413338226371
16,0,Saarnaki,2016,2,116.856802228975
18,0,Saarnaki,2016,2,134.2748158198064
19,0,Saarnaki,2016,2,101.29145930545467
20,0,Saarnaki,2016,2,123.97721480661322
22,0,Saarnaki,2016,2,100.66711719037706
26,0,Saarnaki,2016,2,94.38395629753332
29,0,Saarnaki,2016,2,132.67274640839116
40,0,Saarnaki,2016,2,125.57102807339375
2,1,Saarnaki,2016,2,112.82683710316626
7,1,Saarnaki,2016,2,92.2402819248259
9,1,Saarnaki,2016,2,121.86535191621998
11,1,Saarnaki,2016,2,137.7769983012022
15,1,Saarnaki,2016,2,133.33458260696764
17,1,Saarnaki,2016,2,117.59885561874152
21,1,Saarnaki,2016,2,113.77750142008294
31,1,Saarnaki,2016,2,166.13565575576453
32,1,Saarnaki,2016,2,129.05082169225147
33,1,Saarnaki,2016,2,132.8148298019155
39,1,Saarnaki,2016,2,148.75548591738593
46,1,Saarnaki,2016,2,129.15117835296135
47,1,Saarnaki,2016,2,133.21514467458064
49,1,Saarnaki,2016,2,124.35148261203106
51,1,Saarnaki,2016,2,114.84727621094429
52,1,Saarnaki,2016,2,118.9726320670988
53,1,Saarnaki,2016,2,128.69626531779986
54,1,Saarnaki,2016,2,113.16486930347024
57,1,Saarnaki,2016,2,123.3300487362349
3,3,Saarnaki,2016,2,92.20753524393645
28,3,Saarnaki,2016,2,154.63336190527136
30,3,Saarnaki,2016,2,148.54311335674814
59,1,Saarnaki,2016,2,145.35299415491076
49,3,Tallinna laht,2005,2,30.727691277673525
60,3,Tallinna laht,2005,2,13.875295045338394
15,0,Tallinna laht,2005,2,143.28152339659908
29,0,Tallinna laht,2005,2,83.42794484548207
59,3,Tallinna laht,2005,2,51.93845897431227
36,0,Tallinna laht,2005,2,59.070665136538494
6,1,Tallinna laht,2005,2,92.88997163578968
26,1,Tallinna laht,2005,2,91.53882353962693
31,0,Tallinna laht,2005,2,66.75683160853559
32,0,Tallinna laht,2005,2,68.50001367642187
2,1,Tallinna laht,2005,2,86.49921553974964
9,1,Tallinna laht,2005,2,80.85535688527473
11,1,Tallinna laht,2005,2,95.15330752887084
12,1,Tallinna laht,2005,2,73.15922626220645
14,1,Tallinna laht,2005,2,71.45261141111563
28,1,Tallinna laht,2005,2,109.59864901124057
8,0,Tallinna laht,2005,2,78.17156734982316
10,0,Tallinna laht,2005,2,77.98548790513213
13,0,Tallinna laht,2005,2,83.6532662541998
19,0,Tallinna laht,2005,2,70.53609885743408
21,0,Tallinna laht,2005,2,99.47958729413985
22,0,Tallinna laht,2005,2,64.2848341830848
24,0,Tallinna laht,2005,2,113.88736625234144
30,0,Tallinna laht,2005,2,101.26867813654195
35,0,Tallinna laht,2005,2,40.39627213112671
3,1,Tallinna laht,2005,2,76.06936558926662
4,1,Tallinna laht,2005,2,67.13618470778917
25,1,Tallinna laht,2005,2,98.98498343010722
34,1,Tallinna laht,2005,2,63.91284131264652
1,0,Tallinna laht,2005,2,72.77242261803424
7,0,Tallinna laht,2005,2,85.7428490234574
16,0,Tallinna laht,2005,2,87.12693831607466
18,0,Tallinna laht,2005,2,91.16462066456693
27,0,Tallinna laht,2005,2,80.86755742362243
33,0,Tallinna laht,2005,2,71.79788460177089
5,0,Tallinna laht,2005,2,62.84963664165315
17,0,Tallinna laht,2005,2,101.88180572797023
20,0,Tallinna laht,2005,2,89.37586763833313
23,0,Tallinna laht,2005,2,74.2403851724753
2,0,Vilsandi,2013,2,91.24066168258112
3,0,Vilsandi,2013,2,105.77417599593
6,0,Vilsandi,2013,2,94.15208302167402
7,0,Vilsandi,2013,2,101.73901438117714
12,0,Vilsandi,2013,2,108.71817944157466
15,0,Vilsandi,2013,2,88.79287517567346
19,0,Vilsandi,2013,2,112.39511581013821
1,1,Vilsandi,2013,2,107.45245198070226
13,1,Vilsandi,2013,2,132.2635537473612
26,1,Vilsandi,2013,2,148.47630375390818
36,1,Vilsandi,2013,2,144.6786278502507
16,3,Vilsandi,2013,2,107.45263637607894
17,3,Vilsandi,2013,2,116.44756517779796
18,3,Vilsandi,2013,2,108.04500066686096
21,3,Vilsandi,2013,2,110.88787099310794
22,3,Vilsandi,2013,2,97.21902589067884
34,3,Vilsandi,2013,2,135.60875044621318
39,3,Vilsandi,2013,2,131.45545391056044
20,0,Vilsandi,2013,2,86.09032973356214
25,0,Vilsandi,2013,2,132.81061634785144
32,0,Vilsandi,2013,2,88.79598335068694
33,0,Vilsandi,2013,2,102.2906020311982
11,1,Vilsandi,2013,2,115.76174923823139
27,1,Vilsandi,2013,2,123.17139197552869
29,1,Vilsandi,2013,2,130.99651254196928
30,1,Vilsandi,2013,2,145.8933992797207
31,1,Vilsandi,2013,2,130.0323859725591
44,1,Vilsandi,2013,2,154.05735604088198
23,3,Vilsandi,2013,2,112.70367168857364
37,3,Vilsandi,2013,2,98.18341452865913
40,3,Vilsandi,2013,2,111.40698184179521
42,3,Vilsandi,2013,2,144.07251416562673
24,0,Vilsandi,2013,2,94.8836600493801
35,0,Vilsandi,2013,2,108.85858296852727
38,0,Vilsandi,2013,2,138.53319769291085
41,0,Vilsandi,2013,2,81.39836045279063
43,1,Vilsandi,2013,2,107.54339642260372
5,0,Kihnu,2012,3,142.97441347287844
12,0,Kihnu,2012,3,146.56969594343886
13,0,Kihnu,2012,3,104.91348328138162
20,0,Kihnu,2012,3,140.1535463610763
21,0,Kihnu,2012,3,115.31063709809482
22,0,Kihnu,2012,3,137.317928926679
25,0,Kihnu,2012,3,134.33577819054753
35,0,Kihnu,2012,3,157.34398014179845
43,0,Kihnu,2012,3,147.7910002700732
14,1,Kihnu,2012,3,110.97619803974243
24,1,Kihnu,2012,3,159.76381194334326
27,1,Kihnu,2012,3,157.55493272107992
41,1,Kihnu,2012,3,187.4023645361167
78,1,Kihnu,2012,3,201
30,3,Kihnu,2012,3,173.26619139261499
1,0,Kihnu,2012,3,118.51747876193399
16,0,Kihnu,2012,3,122.8681255231408
44,0,Kihnu,2012,3,157.80764853578805
76,0,Kihnu,2012,3,171.00082279237137
3,1,Kihnu,2012,3,128.64441430224173
33,1,Kihnu,2012,3,150.39049419935697
34,1,Kihnu,2012,3,129.3018904172623
47,1,Kihnu,2012,3,138.38865457146477
73,1,Kihnu,2012,3,153.06913421755954
74,1,Kihnu,2012,3,154.86925724520222
75,1,Kihnu,2012,3,136.2964262658709
32,3,Kihnu,2012,3,106.7392391524313
48,0,Kihnu,2012,3,96.31773529998269
15,0,Kõiguste,2014,3,103.752381229902
16,0,Kõiguste,2014,3,100.69941356128469
20,0,Kõiguste,2014,3,103.2026120520583
21,0,Kõiguste,2014,3,102.20256863154934
24,0,Kõiguste,2014,3,107.00732520071331
27,0,Kõiguste,2014,3,89.84392300303354
28,0,Kõiguste,2014,3,112.93955766577488
34,0,Kõiguste,2014,3,94.53750199931105
36,0,Kõiguste,2014,3,81.93634478390189
40,0,Kõiguste,2014,3,123.65090136545065
47,0,Kõiguste,2014,3,140.36624450974705
48,0,Kõiguste,2014,3,130.04806805389705
5,1,Kõiguste,2014,3,172.91834379369286
7,1,Kõiguste,2014,3,178.14778979344618
9,1,Kõiguste,2014,3,169.87862600487466
13,1,Kõiguste,2014,3,107.09290719811446
25,1,Kõiguste,2014,3,101.43786646565572
37,1,Kõiguste,2014,3,188.85247361244518
38,1,Kõiguste,2014,3,205.4202562428046
42,1,Kõiguste,2014,3,142.34256745205755
44,1,Kõiguste,2014,3,159.0595229838875
46,1,Kõiguste,2014,3,150.53400474512205
51,1,Kõiguste,2014,3,161.60270526106672
58,1,Kõiguste,2014,3,162.30500494708087
14,3,Kõiguste,2014,3,101.5985256931336
18,3,Kõiguste,2014,3,114.36181946539888
19,3,Kõiguste,2014,3,107.85162725317169
26,3,Kõiguste,2014,3,108.76362001514484
33,3,Kõiguste,2014,3,96.34980042388312
52,3,Kõiguste,2014,3,123.56884675279211
3,0,Kõiguste,2014,3,162.27597943391348
17,0,Kõiguste,2014,3,95.83206664896491
43,0,Kõiguste,2014,3,144.3416213768692
45,0,Kõiguste,2014,3,128.9660177122521
50,0,Kõiguste,2014,3,155.6003410303744
4,1,Kõiguste,2014,3,132.26701807112514
6,1,Kõiguste,2014,3,166.35176474946385
8,1,Kõiguste,2014,3,150.45522582502605
12,1,Kõiguste,2014,3,155.09651856406347
49,1,Kõiguste,2014,3,171.2374210495959
53,1,Kõiguste,2014,3,159.86082957275755
54,1,Kõiguste,2014,3,164.13033841921003
55,1,Kõiguste,2014,3,173.7762271012129
56,1,Kõiguste,2014,3,153.3193462484911
61,1,Kõiguste,2014,3,161.81874761514234
1,0,Kõiguste,2014,3,144.21437474224018
11,0,Kõiguste,2014,3,158.31258144535175
10,1,Kõiguste,2014,3,147.92714412697538
57,1,Kõiguste,2014,3,160.80258740990735
59,1,Kõiguste,2014,3,144.61549599781424
60,1,Kõiguste,2014,3,166.81107878365628
5,0,Käsmu,2012,3,109.94334301353591
18,0,Käsmu,2012,3,106.30325999758563
30,0,Käsmu,2012,3,92.85953121126718
36,0,Käsmu,2012,3,112.95586267537684
39,0,Käsmu,2012,3,117.01359727882732
42,0,Käsmu,2012,3,123.07098301436126
1,1,Käsmu,2012,3,130.33398842884216
2,1,Käsmu,2012,3,116.0945813501472
10,1,Käsmu,2012,3,166.1195920608382
11,1,Käsmu,2012,3,142.18253283146416
12,1,Käsmu,2012,3,152.44716304599183
13,1,Käsmu,2012,3,79.21092658459982
14,1,Käsmu,2012,3,106.29974376415049
24,1,Käsmu,2012,3,171.5186377422059
25,1,Käsmu,2012,3,150.0595701516051
26,1,Käsmu,2012,3,156.39133480030114
27,1,Käsmu,2012,3,142.7064714548947
32,1,Käsmu,2012,3,134.48023973038502
33,1,Käsmu,2012,3,202.00000000000003
34,1,Käsmu,2012,3,194.27416118160417
38,1,Käsmu,2012,3,127.92777991876787
41,1,Käsmu,2012,3,104.91984287296276
4,3,Käsmu,2012,3,108.73549318374594
22,3,Käsmu,2012,3,100.36722381136016
28,3,Käsmu,2012,3,94.29344260968419
31,3,Käsmu,2012,3,77.78979872266687
40,0,Käsmu,2012,3,105.26567956497207
43,0,Käsmu,2012,3,118.72066309856604
44,0,Käsmu,2012,3,127.92771817228443
45,0,Käsmu,2012,3,106.36582695463441
46,0,Käsmu,2012,3,137.7862191767805
47,0,Käsmu,2012,3,138.0733119289597
7,1,Käsmu,2012,3,175.63021440116322
8,1,Käsmu,2012,3,156.6625956552013
74,0,Käsmu,2012,3,168.00378933611603
54,1,Matsalu,2016,3,173.83330298332223
49,1,Matsalu,2016,3,156.4914771582237
15,0,Tallinna laht,2005,3,161.62953250301004
29,0,Tallinna laht,2005,3,102.30900715320143
59,3,Tallinna laht,2005,3,77.24579243757734
36,0,Tallinna laht,2005,3,84.96235469720163
6,1,Tallinna laht,2005,3,137.94838066205963
26,1,Tallinna laht,2005,3,125.48868398778659
31,0,Tallinna laht,2005,3,79.8257947062567
32,0,Tallinna laht,2005,3,90.83016068838353
2,1,Tallinna laht,2005,3,114.7559774053894
9,1,Tallinna laht,2005,3,110.31593328694849
11,1,Tallinna laht,2005,3,127.87012354164621
12,1,Tallinna laht,2005,3,106.6157722268583
14,1,Tallinna laht,2005,3,111.91814992039153
28,1,Tallinna laht,2005,3,148.3480887049278
8,0,Tallinna laht,2005,3,103.71075004210287
10,0,Tallinna laht,2005,3,124.82720148084663
13,0,Tallinna laht,2005,3,116.49620262530166
19,0,Tallinna laht,2005,3,98.9699581103433
21,0,Tallinna laht,2005,3,134.67944810861607
22,0,Tallinna laht,2005,3,124.12562235071043
24,0,Tallinna laht,2005,3,128.83438510058687
30,0,Tallinna laht,2005,3,115.94235752290747
35,0,Tallinna laht,2005,3,67.67012462178161
3,1,Tallinna laht,2005,3,123.94711349277911
4,1,Tallinna laht,2005,3,111.67162472519618
25,1,Tallinna laht,2005,3,124.88210729282204
34,1,Tallinna laht,2005,3,93.70563254623629
1,0,Tallinna laht,2005,3,104.28538679963464
7,0,Tallinna laht,2005,3,122.3965876194672
16,0,Tallinna laht,2005,3,104.75870196112531
18,0,Tallinna laht,2005,3,131.68298425988525
27,0,Tallinna laht,2005,3,120.97432589215894
33,0,Tallinna laht,2005,3,107.87957067258037
5,0,Tallinna laht,2005,3,123.51789344530351
17,0,Tallinna laht,2005,3,136.56671840756118
20,0,Tallinna laht,2005,3,132.14931533541244
23,0,Tallinna laht,2005,3,115.31841808808045
20,0,Vilsandi,2013,3,122.6813881020693
25,0,Vilsandi,2013,3,152
32,0,Vilsandi,2013,3,144.6229509958796
33,0,Vilsandi,2013,3,151.5366106790099
11,1,Vilsandi,2013,3,177
27,1,Vilsandi,2013,3,165.2488959839703
29,1,Vilsandi,2013,3,186.43439301969417
30,1,Vilsandi,2013,3,191.16921269654625
31,1,Vilsandi,2013,3,178.83398687481744
44,1,Vilsandi,2013,3,199.27139332776125
23,3,Vilsandi,2013,3,156.93229436571838
37,3,Vilsandi,2013,3,139.83652153862664
40,3,Vilsandi,2013,3,163.33361802882385
42,3,Vilsandi,2013,3,180
24,0,Vilsandi,2013,3,149.09576208680372
35,0,Vilsandi,2013,3,155.79417480945253
38,0,Vilsandi,2013,3,158.96589814662212
41,0,Vilsandi,2013,3,126.83156215142215
43,1,Vilsandi,2013,3,171.2992309522007
1,0,Kihnu,2012,4,149.4702931016153
44,0,Kihnu,2012,4,178.48300061628711
76,0,Kihnu,2012,4,191.39488840912105
3,1,Kihnu,2012,4,146.3139733712754
33,1,Kihnu,2012,4,182
34,1,Kihnu,2012,4,181.58596815817768
47,1,Kihnu,2012,4,203
73,1,Kihnu,2012,4,178.08492483776453
74,1,Kihnu,2012,4,191.989187239539
75,1,Kihnu,2012,4,177.88966061530257
32,3,Kihnu,2012,4,130.31872111466262
48,0,Kihnu,2012,4,166.02909958142388
3,0,Kõiguste,2014,4,184.43250555659873
43,0,Kõiguste,2014,4,160.82028287112956
45,0,Kõiguste,2014,4,153.9644732554668
50,0,Kõiguste,2014,4,165.43426954032282
4,1,Kõiguste,2014,4,168.17214954944055
6,1,Kõiguste,2014,4,182.87947712695006
8,1,Kõiguste,2014,4,171.38443502357214
12,1,Kõiguste,2014,4,193
49,1,Kõiguste,2014,4,190.75797012704734
53,1,Kõiguste,2014,4,191.00297890388745
54,1,Kõiguste,2014,4,189
55,1,Kõiguste,2014,4,185.72028004205288
56,1,Kõiguste,2014,4,177.77506946584361
61,1,Kõiguste,2014,4,189.86409598507163
1,0,Kõiguste,2014,4,168.4152964797496
11,0,Kõiguste,2014,4,185.27653983192477
10,1,Kõiguste,2014,4,169.3216389219815
57,1,Kõiguste,2014,4,183.2698598513321
59,1,Kõiguste,2014,4,167.7961639789127
60,1,Kõiguste,2014,4,178.45079522919863
40,0,Käsmu,2012,4,130.65808240057848
43,0,Käsmu,2012,4,144.70824023001632
44,0,Käsmu,2012,4,151.95354496177075
45,0,Käsmu,2012,4,134.97237886576318
46,0,Käsmu,2012,4,157.9415801553773
47,0,Käsmu,2012,4,163.89073352937766
74,0,Käsmu,2012,4,172.21601138723696
49,1,Matsalu,2016,4,167.4081107364852
36,0,Tallinna laht,2005,4,96
6,1,Tallinna laht,2005,4,173.99999999999997
26,1,Tallinna laht,2005,4,153
31,0,Tallinna laht,2005,4,105.18626498186617
32,0,Tallinna laht,2005,4,105.7524093068598
2,1,Tallinna laht,2005,4,146.8361797168521
9,1,Tallinna laht,2005,4,134.61081232362048
11,1,Tallinna laht,2005,4,162.3848817946639
12,1,Tallinna laht,2005,4,131.02111667784894
14,1,Tallinna laht,2005,4,132.0992945621253
28,1,Tallinna laht,2005,4,166.5893799312251
8,0,Tallinna laht,2005,4,133.51895420929444
10,0,Tallinna laht,2005,4,149.4865572889894
13,0,Tallinna laht,2005,4,135.56127180578264
19,0,Tallinna laht,2005,4,113.99047729703136
21,0,Tallinna laht,2005,4,157.31919305170973
22,0,Tallinna laht,2005,4,147.67328791680336
24,0,Tallinna laht,2005,4,142.8233230056003
30,0,Tallinna laht,2005,4,130.38862864078018
35,0,Tallinna laht,2005,4,88.36665572164526
3,1,Tallinna laht,2005,4,144.50757086065204
4,1,Tallinna laht,2005,4,137.8584534739324
25,1,Tallinna laht,2005,4,139.7839888226922
34,1,Tallinna laht,2005,4,109.01715545068497
1,0,Tallinna laht,2005,4,136.46612999690356
7,0,Tallinna laht,2005,4,145.87437734343686
16,0,Tallinna laht,2005,4,116.49725329214957
18,0,Tallinna laht,2005,4,154.55495635824525
27,0,Tallinna laht,2005,4,150.1001433428755
33,0,Tallinna laht,2005,4,129.31076239107983
5,0,Tallinna laht,2005,4,149.39065123805742
17,0,Tallinna laht,2005,4,161.44792709887932
20,0,Tallinna laht,2005,4,152.24463365035012
23,0,Tallinna laht,2005,4,131.25629256945655
24,0,Vilsandi,2013,4,170.9428996296051
35,0,Vilsandi,2013,4,188.02729100153596
38,0,Vilsandi,2013,4,167.20469419714428
41,0,Vilsandi,2013,4,155.53651882116645
43,1,Vilsandi,2013,4,212
48,0,Kihnu,2012,5,188.38750633275444
1,0,Kõiguste,2014,5,179.04783258737666
11,0,Kõiguste,2014,5,196.2785562973492
10,1,Kõiguste,2014,5,187.3144985612963
57,1,Kõiguste,2014,5,192
59,1,Kõiguste,2014,5,203
60,1,Kõiguste,2014,5,200
31,0,Tallinna laht,2005,5,120
32,0,Tallinna laht,2005,5,115
9,1,Tallinna laht,2005,5,165
11,1,Tallinna laht,2005,5,172.35773907882728
12,1,Tallinna laht,2005,5,161
28,1,Tallinna laht,2005,5,181
19,0,Tallinna laht,2005,5,120.05645619934768
21,0,Tallinna laht,2005,5,166.13384784512735
22,0,Tallinna laht,2005,5,164.6171801138075
24,0,Tallinna laht,2005,5,150.31417362570423
30,0,Tallinna laht,2005,5,138.8912910701567
35,0,Tallinna laht,2005,5,100
4,1,Tallinna laht,2005,5,179.77621891705334
25,1,Tallinna laht,2005,5,160.6644695292169
34,1,Tallinna laht,2005,5,126.59415878487353
7,0,Tallinna laht,2005,5,158.32854536905515
16,0,Tallinna laht,2005,5,158.47146714247867
18,0,Tallinna laht,2005,5,158.479069218258
27,0,Tallinna laht,2005,5,163.83351929273866
33,0,Tallinna laht,2005,5,135.7741376712622
20,0,Tallinna laht,2005,5,163.60285704574963
23,0,Tallinna laht,2005,5,137.41219117866527
19,0,Tallinna laht,2005,6,128.00000000000003
21,0,Tallinna laht,2005,6,173.00000000000003
22,0,Tallinna laht,2005,6,176
24,0,Tallinna laht,2005,6,156
30,0,Tallinna laht,2005,6,145
4,1,Tallinna laht,2005,6,194
25,1,Tallinna laht,2005,6,167
34,1,Tallinna laht,2005,6,133
7,0,Tallinna laht,2005,6,169.35216706740647
16,0,Tallinna laht,2005,6,177.79857690972065
18,0,Tallinna laht,2005,6,163.97282722227584
27,0,Tallinna laht,2005,6,174.43310475739816
33,0,Tallinna laht,2005,6,140.7067135429803
20,0,Tallinna laht,2005,6,168.495630200691
23,0,Tallinna laht,2005,6,146.77253015979088
7,0,Tallinna laht,2005,7,173.81210561712112
16,0,Tallinna laht,2005,7,181
18,0,Tallinna laht,2005,7,167
27,0,Tallinna laht,2005,7,175.35480784128157
33,0,Tallinna laht,2005,7,147
20,0,Tallinna laht,2005,7,173.21366145724159
23,0,Tallinna laht,2005,7,153.1814109036246
20,0,Tallinna laht,2005,8,174
23,0,Tallinna laht,2005,8,159.00002839720497
