nr,TL,TW,Sex,fecundity,Location,Introduction,age,0,1,2,3,4,5,6,7,8
54,64,3.1,3,2,Kihnu,2012,1,NA,35.26185836473359,NA,NA,NA,NA,NA,NA,NA
56,66,3,3,2,Kihnu,2012,1,NA,42.80063566689648,NA,NA,NA,NA,NA,NA,NA
63,53,1.6,3,2,Kihnu,2012,1,NA,44.39366087542747,NA,NA,NA,NA,NA,NA,NA
68,36,0.4,3,2,Kihnu,2012,1,NA,22.427018637910336,NA,NA,NA,NA,NA,NA,NA
6,172,79.9,0,4,Kihnu,2012,2,NA,66.46328140465872,158.7685716338617,NA,NA,NA,NA,NA,NA
8,92,113,0,4,Kihnu,2012,2,NA,33.56747767639455,87.13758490719185,NA,NA,NA,NA,NA,NA
11,110,13.7,0,3,Kihnu,2012,2,NA,49.75108718928632,104.01740742976361,NA,NA,NA,NA,NA,NA
15,139,29.9,0,4,Kihnu,2012,2,NA,60.444841369809055,138.16436258872085,NA,NA,NA,NA,NA,NA
29,162,82.2,0,3,Kihnu,2012,2,NA,57.599270031889404,147.75936532561894,NA,NA,NA,NA,NA,NA
40,95,13.5,0,4,Kihnu,2012,2,NA,39.620309406920455,90.20125723981356,NA,NA,NA,NA,NA,NA
49,85,7.7,0,3,Kihnu,2012,2,NA,51.30843923776706,78.33285732717046,NA,NA,NA,NA,NA,NA
51,73,4.9,0,3,Kihnu,2012,2,NA,26.42111068041198,68.86726480736489,NA,NA,NA,NA,NA,NA
2,157,58.8,1,4,Kihnu,2012,2,NA,70.85355739416875,148.50073998432367,NA,NA,NA,NA,NA,NA
4,142,49.5,1,4,Kihnu,2012,2,NA,41.86080395345538,129.8910709316294,NA,NA,NA,NA,NA,NA
7,153,66.4,1,3,Kihnu,2012,2,NA,65.31403750286555,139.43374509061246,NA,NA,NA,NA,NA,NA
9,97,14.4,1,4,Kihnu,2012,2,NA,47.01872044129161,92.3237136576363,NA,NA,NA,NA,NA,NA
19,171,73.7,1,2,Kihnu,2012,2,NA,83.52014475870293,167.805612512873,NA,NA,NA,NA,NA,NA
36,132,33.4,1,3,Kihnu,2012,2,NA,26.24486423687773,120.63501298686155,NA,NA,NA,NA,NA,NA
37,124,26.2,1,4,Kihnu,2012,2,NA,73.10861210657221,121.62945704450837,NA,NA,NA,NA,NA,NA
18,116,22.6,3,2,Kihnu,2012,2,NA,42.11973362396531,109.26208474236614,NA,NA,NA,NA,NA,NA
26,119,25.5,3,2,Kihnu,2012,2,NA,33.17253288109216,108.69270537613035,NA,NA,NA,NA,NA,NA
31,138,44.8,3,2,Kihnu,2012,2,NA,62.198086502871064,127.88236933308893,NA,NA,NA,NA,NA,NA
38,101,13.6,3,2,Kihnu,2012,2,NA,29.337317497478125,90.01940201956049,NA,NA,NA,NA,NA,NA
39,98,15.5,3,2,Kihnu,2012,2,NA,25.731012031308616,87.65382301546256,NA,NA,NA,NA,NA,NA
50,84,10.200000000000001,3,2,Kihnu,2012,2,NA,17.370984341643712,71.58577247465233,NA,NA,NA,NA,NA,NA
5,148,52.5,0,4,Kihnu,2012,3,NA,48.68078151485173,101.24451633106321,142.97441347287844,NA,NA,NA,NA,NA
12,152,53.2,0,4,Kihnu,2012,3,NA,53.76086297675703,128.75347853287218,146.56969594343886,NA,NA,NA,NA,NA
13,108,14.6,0,4,Kihnu,2012,3,NA,32.38034039384959,70.23321893309796,104.91348328138162,NA,NA,NA,NA,NA
20,142,41.7,0,3,Kihnu,2012,3,NA,62.46045863097933,109.00991836163729,140.1535463610763,NA,NA,NA,NA,NA
21,122,23.1,0,5,Kihnu,2012,3,NA,25.16739311510472,89.1826965618907,115.31063709809482,NA,NA,NA,NA,NA
22,141,38.1,0,4,Kihnu,2012,3,NA,65.43749797358679,106.47293899119796,137.317928926679,NA,NA,NA,NA,NA
25,137,32.9,0,3,Kihnu,2012,3,NA,45.41737530007143,106.14797380957621,134.33577819054753,NA,NA,NA,NA,NA
35,162,72.4,0,4,Kihnu,2012,3,NA,56.63224625243836,110.24741015176029,157.34398014179845,NA,NA,NA,NA,NA
43,175,99.2,0,4,Kihnu,2012,3,NA,48.206061258541126,111.44459779593645,147.7910002700732,NA,NA,NA,NA,NA
14,122,30.4,1,2,Kihnu,2012,3,NA,45.14391591088034,94.45644648655697,110.97619803974243,NA,NA,NA,NA,NA
24,163,81.5,1,3,Kihnu,2012,3,NA,56.3961581336595,127.18095083635264,159.76381194334326,NA,NA,NA,NA,NA
27,168,96.2,1,3,Kihnu,2012,3,NA,51.99504924739183,113.48684108524355,157.55493272107992,NA,NA,NA,NA,NA
41,192,115.1,1,4,Kihnu,2012,3,NA,67.6722743308227,139.23669761468778,187.4023645361167,NA,NA,NA,NA,NA
78,201,124.1,1,3,Kihnu,2012,3,NA,58.17166177229204,159.0929634715365,201,NA,NA,NA,NA,NA
30,176,68.3,3,2,Kihnu,2012,3,NA,51.90165776173516,125.91376937595389,173.26619139261499,NA,NA,NA,NA,NA
1,153,60,0,4,Kihnu,2012,4,NA,45.389192251809796,81.58749036195273,118.51747876193399,149.4702931016153,NA,NA,NA,NA
16,171,67.1,0,5,Kihnu,2012,4,NA,39.123739350749574,64.11082407398871,122.8681255231408,NA,NA,NA,NA,NA
44,181,86.7,0,4,Kihnu,2012,4,NA,48.22828250914313,118.30863466311851,157.80764853578805,178.48300061628711,NA,NA,NA,NA
76,196,107.1,0,3,Kihnu,2012,4,NA,52.01977638313115,131.33302396897068,171.00082279237137,191.39488840912105,NA,NA,NA,NA
3,148,52.4,1,3,Kihnu,2012,4,NA,47.04072547197182,96.95248704399431,128.64441430224173,146.3139733712754,NA,NA,NA,NA
33,182,91,1,4,Kihnu,2012,4,NA,37.42181367472217,88.4328259453098,150.39049419935697,182,NA,NA,NA,NA
34,188,106.3,1,4,Kihnu,2012,4,NA,60.1080923660881,97.265855791181,129.3018904172623,181.58596815817768,NA,NA,NA,NA
47,203,119.1,1,4,Kihnu,2012,4,NA,30.43302098710977,93.83488762782738,138.38865457146477,203,NA,NA,NA,NA
73,193,114.8,1,4,Kihnu,2012,4,NA,61.9738966760582,112.39271844375284,153.06913421755954,178.08492483776453,NA,NA,NA,NA
74,214,127.8,1,3,Kihnu,2012,4,NA,39.4990225643114,111.88642283252899,154.86925724520222,191.989187239539,NA,NA,NA,NA
75,212,148,1,3,Kihnu,2012,4,NA,50.291724398471445,74.62855307231925,136.2964262658709,177.88966061530257,NA,NA,NA,NA
32,133,37.9,3,3,Kihnu,2012,4,NA,26.85290059811577,53.751452616091356,106.7392391524313,130.31872111466262,NA,NA,NA,NA
48,192,105.7,0,4,Kihnu,2012,5,NA,29.242515045990974,69.39028139990924,96.31773529998269,166.02909958142388,188.38750633275444,NA,NA,NA
29,103,17.3,0,3,Kõiguste,2014,2,NA,55.9147082649777,93.13719014122559,NA,NA,NA,NA,NA,NA
31,87,8.5,1,3,Kõiguste,2014,2,NA,40.83969884827037,79.37418111757592,NA,NA,NA,NA,NA,NA
22,74,5.3,3,NA,Kõiguste,2014,2,NA,28.118332243794963,70.04025262262172,NA,NA,NA,NA,NA,NA
23,75,5.7,3,2,Kõiguste,2014,2,NA,32.904315764570356,72.91666914673554,NA,NA,NA,NA,NA,NA
30,78,5.7,3,2,Kõiguste,2014,2,NA,24.465094064512424,72.43857275419231,NA,NA,NA,NA,NA,NA
35,66,3.4,3,2,Kõiguste,2014,2,NA,27.399637224558035,57.36987035883857,NA,NA,NA,NA,NA,NA
15,106,17.3,0,3,Kõiguste,2014,3,NA,44.190483822305126,85.17657937762117,103.752381229902,NA,NA,NA,NA,NA
16,103,9.5,0,3,Kõiguste,2014,3,NA,42.70546375200287,78.13603014752161,100.69941356128469,NA,NA,NA,NA,NA
20,107,11.7,0,3,Kõiguste,2014,3,NA,36.8274352119944,84.81955735807747,103.2026120520583,NA,NA,NA,NA,NA
21,104,13.9,0,3,Kõiguste,2014,3,NA,45.11614836955681,78.09462103068002,102.20256863154934,NA,NA,NA,NA,NA
24,109,16.2,0,3,Kõiguste,2014,3,NA,36.62605128990772,69.692533637099,107.00732520071331,NA,NA,NA,NA,NA
27,97,10.4,0,3,Kõiguste,2014,3,NA,45.63309114506254,76.26394263359224,89.84392300303354,NA,NA,NA,NA,NA
28,116,15.7,0,3,Kõiguste,2014,3,NA,44.50466658101896,85.68282938445013,112.93955766577488,NA,NA,NA,NA,NA
34,97,11.3,0,4,Kõiguste,2014,3,NA,29.666070293661427,55.541265686493624,94.53750199931105,NA,NA,NA,NA,NA
36,85,7.1,0,3,Kõiguste,2014,3,NA,32.64553641823443,57.40853579511511,81.93634478390189,NA,NA,NA,NA,NA
40,127,32.1,0,3,Kõiguste,2014,3,NA,48.44841384420596,97.8077097085113,123.65090136545065,NA,NA,NA,NA,NA
47,143,45.5,0,3,Kõiguste,2014,3,NA,54.6678927884392,110.84699983183003,140.36624450974705,NA,NA,NA,NA,NA
48,132,32.30000000000001,0,3,Kõiguste,2014,3,NA,58.2448571793948,102.38660313156075,130.04806805389705,NA,NA,NA,NA,NA
5,174,85.4,1,4,Kõiguste,2014,3,NA,52.46117536403274,108.4866846287498,172.91834379369286,NA,NA,NA,NA,NA
7,186,91.3,1,4,Kõiguste,2014,3,NA,68.5737655474448,135.53184091031216,178.14778979344618,NA,NA,NA,NA,NA
9,174,83.4,1,4,Kõiguste,2014,3,NA,69.42013487369455,134.64055624493955,169.87862600487466,NA,NA,NA,NA,NA
13,110,18.7,1,2,Kõiguste,2014,3,NA,40.82829186101759,84.37444797604631,107.09290719811446,NA,NA,NA,NA,NA
25,104,14.9,1,3,Kõiguste,2014,3,NA,32.726103499150106,74.82305336891183,101.43786646565572,NA,NA,NA,NA,NA
37,201,115.9,1,4,Kõiguste,2014,3,NA,51.46300850048773,137.4530967471079,188.85247361244518,NA,NA,NA,NA,NA
38,207,125.5,1,4,Kõiguste,2014,3,NA,90.73085947041798,173.6057061562798,205.4202562428046,NA,NA,NA,NA,NA
42,144,45.8,1,3,Kõiguste,2014,3,NA,44.5540471234524,105.06284232150335,142.34256745205755,NA,NA,NA,NA,NA
44,161,69.7,1,2,Kõiguste,2014,3,NA,72.95085539389488,133.5602607923127,159.0595229838875,NA,NA,NA,NA,NA
46,155,63.5,1,2,Kõiguste,2014,3,NA,46.74815849589285,113.15583973821218,150.53400474512205,NA,NA,NA,NA,NA
51,171,91.8,1,3,Kõiguste,2014,3,NA,59.18275136482788,139.28262932472626,161.60270526106672,NA,NA,NA,NA,NA
58,183,84.3,1,3,Kõiguste,2014,3,NA,67.51324439000386,129.73395990943058,162.30500494708087,NA,NA,NA,NA,NA
14,104,15.6,3,2,Kõiguste,2014,3,NA,36.913653233990246,70.84488987786268,101.5985256931336,NA,NA,NA,NA,NA
18,117,13.9,3,2,Kõiguste,2014,3,NA,48.88697528847958,87.39775289528819,114.36181946539888,NA,NA,NA,NA,NA
19,111,15.9,3,2,Kõiguste,2014,3,NA,33.596104175538024,75.62208572701125,107.85162725317169,NA,NA,NA,NA,NA
26,112,18.1,3,2,Kõiguste,2014,3,NA,37.49440119971752,77.6982139950597,108.76362001514484,NA,NA,NA,NA,NA
33,98,13.4,3,2,Kõiguste,2014,3,NA,36.9426156836753,75.07356275533391,96.34980042388312,NA,NA,NA,NA,NA
52,126,26.8,3,2,Kõiguste,2014,3,NA,47.73556661873096,89.83119025983996,123.56884675279211,NA,NA,NA,NA,NA
3,187,105.2,0,4,Kõiguste,2014,4,NA,49.78168585821976,122.19222585626932,162.27597943391348,184.43250555659873,NA,NA,NA,NA
17,102,14,0,3,Kõiguste,2014,4,NA,34.68576441586398,82.1758878778062,95.83206664896491,NA,NA,NA,NA,NA
43,163,74.3,0,4,Kõiguste,2014,4,NA,58.024823073600786,119.38904511392914,144.3416213768692,160.82028287112956,NA,NA,NA,NA
45,157,51.7,0,3,Kõiguste,2014,4,NA,46.381834221274964,107.82176248668145,128.9660177122521,153.9644732554668,NA,NA,NA,NA
50,175,82.2,0,4,Kõiguste,2014,4,NA,43.404156666871486,124.03173127651962,155.6003410303744,165.43426954032282,NA,NA,NA,NA
4,171,95.8,1,4,Kõiguste,2014,4,NA,34.66333130787639,89.12139934304632,132.26701807112514,168.17214954944055,NA,NA,NA,NA
6,184,96.4,1,4,Kõiguste,2014,4,NA,49.3505014218353,121.11283548287432,166.35176474946385,182.87947712695006,NA,NA,NA,NA
8,172,83.2,1,4,Kõiguste,2014,4,NA,37.60164681325799,114.32157829200702,150.45522582502605,171.38443502357214,NA,NA,NA,NA
12,193,118.5,1,4,Kõiguste,2014,4,NA,46.67493213103573,109.02042475268068,155.09651856406347,193,NA,NA,NA,NA
49,200,120.2,1,4,Kõiguste,2014,4,NA,32.26147651145701,100.93016774273713,171.2374210495959,190.75797012704734,NA,NA,NA,NA
53,196,95.5,1,3,Kõiguste,2014,4,NA,48.85557522340066,121.73976909742576,159.86082957275755,191.00297890388745,NA,NA,NA,NA
54,189,98.6,1,3,Kõiguste,2014,4,NA,58.253687871946454,119.96253113056274,164.13033841921003,189,NA,NA,NA,NA
55,187,95,1,3,Kõiguste,2014,4,NA,69.9056238478366,142.92369660769197,173.7762271012129,185.72028004205288,NA,NA,NA,NA
56,181,84.6,1,3,Kõiguste,2014,4,NA,56.392267416346726,121.49625218581359,153.3193462484911,177.77506946584361,NA,NA,NA,NA
61,192,86.8,1,3,Kõiguste,2014,4,NA,54.74495069286272,114.66885211318323,161.81874761514234,189.86409598507163,NA,NA,NA,NA
1,180,63.2,0,4,Kõiguste,2014,5,NA,40.58682133506873,100.28710193975516,144.21437474224018,168.4152964797496,179.04783258737666,NA,NA,NA
11,197,93.8,0,3,Kõiguste,2014,5,NA,44.59501781502217,115.06563132059514,158.31258144535175,185.27653983192477,196.2785562973492,NA,NA,NA
10,190,85.4,1,4,Kõiguste,2014,5,NA,42.92403787366075,102.35556302862213,147.92714412697538,169.3216389219815,187.3144985612963,NA,NA,NA
57,192,97.5,1,3,Kõiguste,2014,5,NA,37.81031884485082,114.4452880858748,160.80258740990735,183.2698598513321,192,NA,NA,NA
59,203,162.9,1,3,Kõiguste,2014,5,NA,47.179742201744695,102.15866290408714,144.61549599781424,167.7961639789127,203,NA,NA,NA
60,200,132.2,1,3,Kõiguste,2014,5,NA,58.12129413676764,122.68663425760114,166.81107878365628,178.45079522919863,200,NA,NA,NA
49,78,5.8,0,2,Käsmu,2012,1,NA,50.752700386341964,NA,NA,NA,NA,NA,NA,NA
85,151,65.2,0,4,Käsmu,2012,1,NA,100.44945904641294,NA,NA,NA,NA,NA,NA,NA
48,58,2.3,3,2,Käsmu,2012,1,NA,35.9085743285039,NA,NA,NA,NA,NA,NA,NA
50,55,2,3,2,Käsmu,2012,1,NA,35.50836268590519,NA,NA,NA,NA,NA,NA,NA
51,53,1.5,3,2,Käsmu,2012,1,NA,27.443312634790825,NA,NA,NA,NA,NA,NA,NA
52,48,1.3,3,2,Käsmu,2012,1,NA,31.554238004495982,NA,NA,NA,NA,NA,NA,NA
53,47,1.3,3,2,Käsmu,2012,1,NA,24.336522525191864,NA,NA,NA,NA,NA,NA,NA
54,53,1.6,3,2,Käsmu,2012,1,NA,34.77215881026371,NA,NA,NA,NA,NA,NA,NA
55,48,1.1,3,2,Käsmu,2012,1,NA,27.78257898300903,NA,NA,NA,NA,NA,NA,NA
16,96,14.2,0,3,Käsmu,2012,2,NA,42.69336661437679,89.46286953141906,NA,NA,NA,NA,NA,NA
17,113,19.7,0,6,Käsmu,2012,2,NA,40.94864615283193,97.20839229537049,NA,NA,NA,NA,NA,NA
20,81,6.3,0,3,Käsmu,2012,2,NA,26.86540029445924,62.640357706716514,NA,NA,NA,NA,NA,NA
21,87,8.3,0,3,Käsmu,2012,2,NA,21.146577374709004,68.57004973565482,NA,NA,NA,NA,NA,NA
15,107,18.3,1,2,Käsmu,2012,2,NA,39.58158889449569,94.48079443439659,NA,NA,NA,NA,NA,NA
37,131,37,1,2,Käsmu,2012,2,NA,46.38494188877689,98.58050805581472,NA,NA,NA,NA,NA,NA
19,104,17,3,2,Käsmu,2012,2,NA,40.006333027195126,92.53703765410157,NA,NA,NA,NA,NA,NA
5,119,18.7,0,6,Käsmu,2012,3,NA,30.958844102738375,65.47565151615777,109.94334301353591,NA,NA,NA,NA,NA
18,112,19.4,0,3,Käsmu,2012,3,NA,38.745766379210174,79.55055245340644,106.30325999758563,NA,NA,NA,NA,NA
30,98,13.5,0,6,Käsmu,2012,3,NA,48.504629091343936,75.19412910560533,92.85953121126718,NA,NA,NA,NA,NA
36,124,28.1,0,3,Käsmu,2012,3,NA,34.740293115172555,72.9739567505742,112.95586267537684,NA,NA,NA,NA,NA
39,125,23.6,0,3,Käsmu,2012,3,NA,49.97621686171149,99.12511657037501,117.01359727882732,NA,NA,NA,NA,NA
42,132,30.1,0,3,Käsmu,2012,3,NA,44.369204981651635,91.85821315345697,123.07098301436126,NA,NA,NA,NA,NA
1,143,44.3,1,3,Käsmu,2012,3,NA,46.062791442072054,92.4815843421979,130.33398842884216,NA,NA,NA,NA,NA
2,127,33.5,1,2,Käsmu,2012,3,NA,37.152371720615825,79.7378438268402,116.0945813501472,NA,NA,NA,NA,NA
10,173,97,1,3,Käsmu,2012,3,NA,37.283953400033376,158.7830946018921,166.1195920608382,NA,NA,NA,NA,NA
11,156,76.4,1,2,Käsmu,2012,3,NA,35.14322049920672,98.85438641437673,142.18253283146416,NA,NA,NA,NA,NA
12,166,87.7,1,3,Käsmu,2012,3,NA,38.67708956812752,96.16306397792148,152.44716304599183,NA,NA,NA,NA,NA
13,87,9.9,1,2,Käsmu,2012,3,NA,28.099155577758975,52.859387725354715,79.21092658459982,NA,NA,NA,NA,NA
14,123,27.6,1,2,Käsmu,2012,3,NA,26.293865052871542,54.58106725911755,106.29974376415049,NA,NA,NA,NA,NA
24,178,72.6,1,3,Käsmu,2012,3,NA,36.363171837028894,110.22849859021483,171.5186377422059,NA,NA,NA,NA,NA
25,165,81.3,1,3,Käsmu,2012,3,NA,46.631749087716486,100.1196651377822,150.0595701516051,NA,NA,NA,NA,NA
26,163,68.7,1,3,Käsmu,2012,3,NA,54.04398032601713,114.96741314920286,156.39133480030114,NA,NA,NA,NA,NA
27,153,71.6,1,3,Käsmu,2012,3,NA,29.647798426424185,91.2930392355904,142.7064714548947,NA,NA,NA,NA,NA
32,147,57.5,1,2,Käsmu,2012,3,NA,37.516855021573704,86.15735137966398,134.48023973038502,NA,NA,NA,NA,NA
33,202,101,1,4,Käsmu,2012,3,NA,49.267704571639506,134.46090861729095,202.00000000000003,NA,NA,NA,NA,NA
34,201,123.1,1,4,Käsmu,2012,3,NA,51.375954901532715,136.59903359139466,194.27416118160417,NA,NA,NA,NA,NA
35,210,101.6,1,3,Käsmu,2012,3,NA,67.63871740773628,180.6980310422666,NA,NA,NA,NA,NA,NA
38,137,41.6,1,3,Käsmu,2012,3,NA,42.35231934483801,91.68686216068406,127.92777991876787,NA,NA,NA,NA,NA
41,112,14.8,1,2,Käsmu,2012,3,NA,35.62280499208588,77.5602048061436,104.91984287296276,NA,NA,NA,NA,NA
4,119,22,3,2,Käsmu,2012,3,NA,34.04971597592741,73.74425988593543,108.73549318374594,NA,NA,NA,NA,NA
22,109,16.4,3,2,Käsmu,2012,3,NA,22.504611391492134,63.774430985862026,100.36722381136016,NA,NA,NA,NA,NA
28,109,17.1,3,2,Käsmu,2012,3,NA,25.365739285375707,50.62592437663394,94.29344260968419,NA,NA,NA,NA,NA
31,84,7.8,3,2,Käsmu,2012,3,NA,22.415503999779947,54.743431192254015,77.78979872266687,NA,NA,NA,NA,NA
40,136,47,0,4,Käsmu,2012,4,NA,29.747063638903477,74.78269170007887,105.26567956497207,130.65808240057848,NA,NA,NA,NA
43,148,60,0,3,Käsmu,2012,4,NA,29.66989879479646,83.8297428781165,118.72066309856604,144.70824023001632,NA,NA,NA,NA
44,156,53.9,0,3,Käsmu,2012,4,NA,32.33021789411786,93.00651205468608,127.92771817228443,151.95354496177075,NA,NA,NA,NA
45,142,42.9,0,3,Käsmu,2012,4,NA,32.451788201602305,70.54703534773924,106.36582695463441,134.97237886576318,NA,NA,NA,NA
46,160,71.5,0,3,Käsmu,2012,4,NA,51.33258570262901,108.57382647820927,137.7862191767805,157.9415801553773,NA,NA,NA,NA
47,166,67.9,0,3,Käsmu,2012,4,NA,45.60306985687461,101.63850012712842,138.0733119289597,163.89073352937766,NA,NA,NA,NA
7,198,108.2,1,3,Käsmu,2012,4,NA,55.70330827406623,129.39569775495636,175.63021440116322,NA,NA,NA,NA,NA
8,201,108.4,1,3,Käsmu,2012,4,NA,52.81972758448845,113.61763399276629,156.6625956552013,NA,NA,NA,NA,NA
74,172,78.8,0,3,Käsmu,2012,4,NA,36.66886589603628,142.3639733323497,168.00378933611603,172.21601138723696,NA,NA,NA,NA
17,111,19.6,0,3,Matsalu,2016,1,NA,45.57349988318064,NA,NA,NA,NA,NA,NA,NA
20,108,18.1,0,3,Matsalu,2016,1,NA,52.16134261677422,NA,NA,NA,NA,NA,NA,NA
21,105,16.2,0,3,Matsalu,2016,1,NA,78.79002161893438,NA,NA,NA,NA,NA,NA,NA
1,125,29.7,0,3,Matsalu,2016,2,NA,50.302913562109055,112.67763970430843,NA,NA,NA,NA,NA,NA
3,135,32.80000000000001,0,3,Matsalu,2016,2,NA,58.3254508777093,97.45911192104035,NA,NA,NA,NA,NA,NA
6,122,26,0,3,Matsalu,2016,2,NA,34.70132973318796,89.73858776922256,NA,NA,NA,NA,NA,NA
7,120,26.5,0,3,Matsalu,2016,2,NA,23.964785006396315,76.62065702200951,NA,NA,NA,NA,NA,NA
8,131,31.9,0,3,Matsalu,2016,2,NA,55.98610286442451,111.3013829259614,NA,NA,NA,NA,NA,NA
9,130,31.2,0,3,Matsalu,2016,2,NA,43.824368130666485,112.63954302919596,NA,NA,NA,NA,NA,NA
14,111,17.9,0,3,Matsalu,2016,2,NA,29.417982929464475,92.79571784015637,NA,NA,NA,NA,NA,NA
16,120,24.5,0,3,Matsalu,2016,2,NA,55.199591789323804,101.84199750369504,NA,NA,NA,NA,NA,NA
18,110,17.2,0,3,Matsalu,2016,2,NA,47.16663646780387,105.04792160038483,NA,NA,NA,NA,NA,NA
22,142,43.1,0,3,Matsalu,2016,2,NA,56.149069659048,124.08021963714776,NA,NA,NA,NA,NA,NA
25,136,43.7,0,3,Matsalu,2016,2,NA,44.4630314207806,118.50901371322624,NA,NA,NA,NA,NA,NA
32,128,32.6,0,3,Matsalu,2016,2,NA,50.6300731626276,114.93084006204502,NA,NA,NA,NA,NA,NA
33,121,27,0,3,Matsalu,2016,2,NA,36.08824449395517,102.9860760200293,NA,NA,NA,NA,NA,NA
35,160,55.9,0,2,Matsalu,2016,2,NA,59.64013080670522,153.26067751536536,NA,NA,NA,NA,NA,NA
43,158,67.9,0,4,Matsalu,2016,2,NA,70.39371521118326,143.11543515418782,NA,NA,NA,NA,NA,NA
19,138,40.9,1,2,Matsalu,2016,2,NA,43.38116658755297,121.98850725782525,NA,NA,NA,NA,NA,NA
38,172,84.9,1,3,Matsalu,2016,2,NA,51.305816714837654,148.39925424270078,NA,NA,NA,NA,NA,NA
39,146,52.2,1,2,Matsalu,2016,2,NA,58.204975918504026,132.05034164610294,NA,NA,NA,NA,NA,NA
40,161,78.2,1,2,Matsalu,2016,2,NA,50.67551076820826,135.4565682261316,NA,NA,NA,NA,NA,NA
42,163,80.3,1,2,Matsalu,2016,2,NA,50.03709728135128,123.73105200075251,NA,NA,NA,NA,NA,NA
44,160,54.2,1,2,Matsalu,2016,2,NA,69.95855291652462,155.0780771949358,NA,NA,NA,NA,NA,NA
45,156,64.6,1,2,Matsalu,2016,2,NA,38.20370903669002,128.2110206207923,NA,NA,NA,NA,NA,NA
48,156,45.6,1,3,Matsalu,2016,2,NA,69.3165495108297,153.3292574160615,NA,NA,NA,NA,NA,NA
50,160,73.7,1,2,Matsalu,2016,2,NA,48.335375488964914,135.29681934318273,NA,NA,NA,NA,NA,NA
53,163,68.6,1,2,Matsalu,2016,2,NA,58.502172234870145,139.64711973706906,NA,NA,NA,NA,NA,NA
10,157,64.3,3,3,Matsalu,2016,2,NA,54.16315153164605,127.03475027954978,NA,NA,NA,NA,NA,NA
11,151,59.6,3,3,Matsalu,2016,2,NA,57.731417159178996,129.65952493604973,NA,NA,NA,NA,NA,NA
12,106,16.2,3,3,Matsalu,2016,2,NA,33.37939728917684,89.1307013296249,NA,NA,NA,NA,NA,NA
13,133,29,3,3,Matsalu,2016,2,NA,43.949495955159485,109.34210617602828,NA,NA,NA,NA,NA,NA
4,124,31.2,3,2,Matsalu,2016,2,NA,33.3082561654708,114.87416181647617,NA,NA,NA,NA,NA,NA
15,120,23.9,3,3,Matsalu,2016,2,NA,18.892127123528876,93.16431390516661,NA,NA,NA,NA,NA,NA
23,118,23.1,3,2,Matsalu,2016,2,NA,27.650465875563622,94.71052639625802,NA,NA,NA,NA,NA,NA
24,133,36,3,2,Matsalu,2016,2,NA,37.66003487178951,117.11618339933432,NA,NA,NA,NA,NA,NA
26,133,35.6,3,2,Matsalu,2016,2,NA,25.63975501036303,98.77973936924914,NA,NA,NA,NA,NA,NA
28,132,31.5,3,2,Matsalu,2016,2,NA,41.066112608961916,111.8715166235023,NA,NA,NA,NA,NA,NA
30,131,37.30000000000001,3,2,Matsalu,2016,2,NA,52.9053673236849,107.14982829822215,NA,NA,NA,NA,NA,NA
31,132,35,3,2,Matsalu,2016,2,NA,32.93945543027579,108.780310223561,NA,NA,NA,NA,NA,NA
41,151,57.5,3,2,Matsalu,2016,2,NA,47.710044703032764,125.29206653231212,NA,NA,NA,NA,NA,NA
46,160,68.6,3,2,Matsalu,2016,2,NA,55.877082398093215,135.88851375134277,NA,NA,NA,NA,NA,NA
47,153,62.1,3,2,Matsalu,2016,2,NA,58.89359870853572,123.65074123080034,NA,NA,NA,NA,NA,NA
52,158,70.6,3,2,Matsalu,2016,2,NA,46.540041487996035,135.2331559391572,NA,NA,NA,NA,NA,NA
54,177,69.1,1,3,Matsalu,2016,3,NA,56.08975027230267,144.69564377363798,173.83330298332223,NA,NA,NA,NA,NA
49,179,66,1,3,Matsalu,2016,4,NA,74.56045401415786,138.175074791464,156.4914771582237,167.4081107364852,NA,NA,NA,NA
35,98,15.1,0,3,Saarnaki,2016,1,NA,62.33149879484077,NA,NA,NA,NA,NA,NA,NA
41,98,15.6,0,4,Saarnaki,2016,1,NA,77.29994078946036,NA,NA,NA,NA,NA,NA,NA
43,99,14.6,0,3,Saarnaki,2016,1,NA,65.64196874477516,NA,NA,NA,NA,NA,NA,NA
45,74,4.5,0,3,Saarnaki,2016,1,NA,74.21732562195106,38.17572428819489,NA,NA,NA,NA,NA,NA
10,171,80.9,1,2,Saarnaki,2016,1,NA,99.77930867573411,NA,NA,NA,NA,NA,NA,NA
34,107,18.1,1,3,Saarnaki,2016,1,NA,63.7193908110222,NA,NA,NA,NA,NA,NA,NA
37,106,18.1,1,3,Saarnaki,2016,1,NA,71.35429731627124,NA,NA,NA,NA,NA,NA,NA
4,99,14.1,3,2,Saarnaki,2016,1,NA,72.67753705591248,NA,NA,NA,NA,NA,NA,NA
5,103,17.1,3,2,Saarnaki,2016,1,NA,60.81656362983245,NA,NA,NA,NA,NA,NA,NA
8,133,36.1,3,2,Saarnaki,2016,1,NA,87.61693456591767,NA,NA,NA,NA,NA,NA,NA
23,102,15,3,2,Saarnaki,2016,1,NA,61.1140407251914,NA,NA,NA,NA,NA,NA,NA
24,94,12.7,3,2,Saarnaki,2016,1,NA,58.23977212007738,NA,NA,NA,NA,NA,NA,NA
25,105,16.8,3,2,Saarnaki,2016,1,NA,58.50977070449936,NA,NA,NA,NA,NA,NA,NA
36,98,13.4,3,2,Saarnaki,2016,1,NA,58.6181495668698,NA,NA,NA,NA,NA,NA,NA
38,110,23,3,2,Saarnaki,2016,1,NA,71.80752147901396,NA,NA,NA,NA,NA,NA,NA
44,73,4.6,3,2,Saarnaki,2016,1,NA,41.851240238642085,NA,NA,NA,NA,NA,NA,NA
1,115,22.4,0,3,Saarnaki,2016,2,NA,32.12224629438834,95.32921221725412,NA,NA,NA,NA,NA,NA
12,143,42.6,0,6,Saarnaki,2016,2,NA,47.4035795551002,125.07778376946105,NA,NA,NA,NA,NA,NA
14,126,32.5,0,6,Saarnaki,2016,2,NA,49.27897809163618,111.19413338226371,NA,NA,NA,NA,NA,NA
16,136,38.80000000000001,0,6,Saarnaki,2016,2,NA,49.1478967842346,116.856802228975,NA,NA,NA,NA,NA,NA
18,152,62.8,0,3,Saarnaki,2016,2,NA,58.786696639546726,134.2748158198064,NA,NA,NA,NA,NA,NA
19,127,29.2,0,6,Saarnaki,2016,2,NA,37.77624415029124,101.29145930545467,NA,NA,NA,NA,NA,NA
20,141,45.8,0,3,Saarnaki,2016,2,NA,61.41243670582822,123.97721480661322,NA,NA,NA,NA,NA,NA
22,122,32.30000000000001,0,3,Saarnaki,2016,2,NA,36.4399993808828,100.66711719037706,NA,NA,NA,NA,NA,NA
26,117,24.3,0,4,Saarnaki,2016,2,NA,23.619919236249117,94.38395629753332,NA,NA,NA,NA,NA,NA
29,154,64.2,0,3,Saarnaki,2016,2,NA,53.01992966728485,132.67274640839116,NA,NA,NA,NA,NA,NA
40,142,43.4,0,4,Saarnaki,2016,2,NA,63.11644252970512,125.57102807339375,NA,NA,NA,NA,NA,NA
2,124,30.7,1,4,Saarnaki,2016,2,NA,41.50269838656027,112.82683710316626,NA,NA,NA,NA,NA,NA
7,118,24.9,1,4,Saarnaki,2016,2,NA,50.690844610779386,92.2402819248259,NA,NA,NA,NA,NA,NA
9,144,49.2,1,3,Saarnaki,2016,2,NA,51.197463744627164,121.86535191621998,NA,NA,NA,NA,NA,NA
11,165,74.7,1,4,Saarnaki,2016,2,NA,50.98066134470803,137.7769983012022,NA,NA,NA,NA,NA,NA
15,160,74.1,1,3,Saarnaki,2016,2,NA,46.50434166403286,133.33458260696764,NA,NA,NA,NA,NA,NA
17,152,71.8,1,3,Saarnaki,2016,2,NA,57.99862343412171,117.59885561874152,NA,NA,NA,NA,NA,NA
21,138,44.7,1,3,Saarnaki,2016,2,NA,40.842204021981644,113.77750142008294,NA,NA,NA,NA,NA,NA
31,178,89.6,1,2,Saarnaki,2016,2,NA,71.15830667851515,166.13565575576453,NA,NA,NA,NA,NA,NA
32,156,67.9,1,2,Saarnaki,2016,2,NA,46.883178143922706,129.05082169225147,NA,NA,NA,NA,NA,NA
33,156,60.3,1,3,Saarnaki,2016,2,NA,68.39048863973876,132.8148298019155,NA,NA,NA,NA,NA,NA
39,181,97.5,1,3,Saarnaki,2016,2,NA,59.87735491129203,148.75548591738593,NA,NA,NA,NA,NA,NA
46,165,70.6,1,3,Saarnaki,2016,2,NA,51.69157017052633,129.15117835296135,NA,NA,NA,NA,NA,NA
47,168,87.2,1,3,Saarnaki,2016,2,NA,61.206191174369614,133.21514467458064,NA,NA,NA,NA,NA,NA
49,157,66,1,2,Saarnaki,2016,2,NA,51.43233525913499,124.35148261203106,NA,NA,NA,NA,NA,NA
51,152,53.5,1,3,Saarnaki,2016,2,NA,51.403493136416294,114.84727621094429,NA,NA,NA,NA,NA,NA
52,158,58.5,1,2,Saarnaki,2016,2,NA,52.770224135045,118.9726320670988,NA,NA,NA,NA,NA,NA
53,152,60.5,1,3,Saarnaki,2016,2,NA,55.247453183786405,128.69626531779986,NA,NA,NA,NA,NA,NA
54,155,57.8,1,3,Saarnaki,2016,2,NA,39.025270721782995,113.16486930347024,NA,NA,NA,NA,NA,NA
57,156,77,1,3,Saarnaki,2016,2,NA,60.02823299683607,123.3300487362349,NA,NA,NA,NA,NA,NA
3,122,29.9,3,2,Saarnaki,2016,2,NA,28.869489287888673,92.20753524393645,NA,NA,NA,NA,NA,NA
28,171,75.7,3,2,Saarnaki,2016,2,NA,53.15385639729253,154.63336190527136,NA,NA,NA,NA,NA,NA
30,162,74.4,3,2,Saarnaki,2016,2,NA,60.39144951632642,148.54311335674814,NA,NA,NA,NA,NA,NA
59,162,77.9,1,3,Saarnaki,2016,3,NA,94.45886592764529,145.35299415491076,NA,NA,NA,NA,NA,NA
38,29,NA,3,2,Tallinna laht,2005,0,29,NA,NA,NA,NA,NA,NA,NA,NA
40,33,NA,3,2,Tallinna laht,2005,0,33,NA,NA,NA,NA,NA,NA,NA,NA
42,39,4.6,3,2,Tallinna laht,2005,0,39,NA,NA,NA,NA,NA,NA,NA,NA
48,46,NA,3,2,Tallinna laht,2005,0,46,NA,NA,NA,NA,NA,NA,NA,NA
37,28,NA,3,2,Tallinna laht,2005,1,NA,11.78851648548098,NA,NA,NA,NA,NA,NA,NA
53,53,NA,3,2,Tallinna laht,2005,1,NA,22.116488494085544,NA,NA,NA,NA,NA,NA,NA
54,56,2.4,3,2,Tallinna laht,2005,1,NA,32.45117594159012,NA,NA,NA,NA,NA,NA,NA
61,66,4.2,3,2,Tallinna laht,2005,1,NA,NA,NA,NA,NA,NA,NA,NA,NA
49,45,NA,3,2,Tallinna laht,2005,2,NA,13.832613190769635,30.727691277673525,NA,NA,NA,NA,NA,NA
60,68,5.2,3,2,Tallinna laht,2005,2,NA,18.4686172955752,13.875295045338394,NA,NA,NA,NA,NA,NA
15,164,68.2,0,4,Tallinna laht,2005,3,NA,67.30987841225159,143.28152339659908,161.62953250301004,NA,NA,NA,NA,NA
29,116,19.8,0,4,Tallinna laht,2005,3,NA,46.903270476313565,83.42794484548207,102.30900715320143,NA,NA,NA,NA,NA
59,89,9.1,3,2,Tallinna laht,2005,3,NA,27.145891351841364,51.93845897431227,77.24579243757734,NA,NA,NA,NA,NA
36,96,11.5,0,3,Tallinna laht,2005,4,NA,24.22015379517746,59.070665136538494,84.96235469720163,96,NA,NA,NA,NA
6,174,69.8,1,3,Tallinna laht,2005,4,NA,43.41302328701611,92.88997163578968,137.94838066205963,173.99999999999997,NA,NA,NA,NA
26,153,50.3,1,3,Tallinna laht,2005,4,NA,38.80208447760473,91.53882353962693,125.48868398778659,153,NA,NA,NA,NA
31,120,24.4,0,4,Tallinna laht,2005,5,NA,33.04981619791033,66.75683160853559,79.8257947062567,105.18626498186617,120,NA,NA,NA
32,115,22,0,3,Tallinna laht,2005,5,NA,26.79760088891272,68.50001367642187,90.83016068838353,105.7524093068598,115,NA,NA,NA
2,176,93.3,1,4,Tallinna laht,2005,5,NA,51.12582406033947,86.49921553974964,114.7559774053894,146.8361797168521,NA,NA,NA,NA
9,165,69.7,1,3,Tallinna laht,2005,5,NA,35.207697078660935,80.85535688527473,110.31593328694849,134.61081232362048,165,NA,NA,NA
11,176,90.7,1,3,Tallinna laht,2005,5,NA,40.10897944100832,95.15330752887084,127.87012354164621,162.3848817946639,172.35773907882728,NA,NA,NA
12,161,67.7,1,3,Tallinna laht,2005,5,NA,29.684046293112843,73.15922626220645,106.6157722268583,131.02111667784894,161,NA,NA,NA
14,146,52.4,1,2,Tallinna laht,2005,5,NA,32.44965919422834,71.45261141111563,111.91814992039153,132.0992945621253,NA,NA,NA,NA
28,181,87.3,1,4,Tallinna laht,2005,5,NA,46.470477206057325,109.59864901124057,148.3480887049278,166.5893799312251,181,NA,NA,NA
8,169,87.7,0,4,Tallinna laht,2005,6,NA,38.73092780912471,78.17156734982316,103.71075004210287,133.51895420929444,NA,NA,NA,NA
10,176,81.3,0,4,Tallinna laht,2005,6,NA,38.3340474620602,77.98548790513213,124.82720148084663,149.4865572889894,NA,NA,NA,NA
13,164,69.8,0,4,Tallinna laht,2005,6,NA,37.61447889106186,83.6532662541998,116.49620262530166,135.56127180578264,NA,NA,NA,NA
19,128,28.3,0,3,Tallinna laht,2005,6,NA,30.43883932107914,70.53609885743408,98.9699581103433,113.99047729703136,120.05645619934768,128.00000000000003,NA,NA
21,173,76.4,0,3,Tallinna laht,2005,6,NA,41.52246481818163,99.47958729413985,134.67944810861607,157.31919305170973,166.13384784512735,173.00000000000003,NA,NA
22,176,82.4,0,4,Tallinna laht,2005,6,NA,32.107253957749506,64.2848341830848,124.12562235071043,147.67328791680336,164.6171801138075,176,NA,NA
24,156,62.7,0,4,Tallinna laht,2005,6,NA,48.60105737441319,113.88736625234144,128.83438510058687,142.8233230056003,150.31417362570423,156,NA,NA
30,145,55.8,0,4,Tallinna laht,2005,6,NA,33.30968672867567,101.26867813654195,115.94235752290747,130.38862864078018,138.8912910701567,145,NA,NA
35,100,12.9,0,4,Tallinna laht,2005,6,NA,17.890232826031124,40.39627213112671,67.67012462178161,88.36665572164526,100,NA,NA,NA
3,185,91,1,4,Tallinna laht,2005,6,NA,40.53809648512003,76.06936558926662,123.94711349277911,144.50757086065204,NA,NA,NA,NA
4,194,111.7,1,4,Tallinna laht,2005,6,NA,32.73434957612802,67.13618470778917,111.67162472519618,137.8584534739324,179.77621891705334,194,NA,NA
25,167,72.6,1,4,Tallinna laht,2005,6,NA,60.902172820265726,98.98498343010722,124.88210729282204,139.7839888226922,160.6644695292169,167,NA,NA
34,133,31.4,1,3,Tallinna laht,2005,6,NA,22.382059016840135,63.91284131264652,93.70563254623629,109.01715545068497,126.59415878487353,133,NA,NA
1,176,91.4,0,3,Tallinna laht,2005,7,NA,31.35967036066237,72.77242261803424,104.28538679963464,136.46612999690356,NA,NA,NA,NA
7,176,92.3,0,4,Tallinna laht,2005,7,NA,36.90040711927677,85.7428490234574,122.3965876194672,145.87437734343686,158.32854536905515,169.35216706740647,173.81210561712112,NA
16,181,87.8,0,4,Tallinna laht,2005,7,NA,37.76595951639094,87.12693831607466,104.75870196112531,116.49725329214957,158.47146714247867,177.79857690972065,181,NA
18,167,72.8,0,3,Tallinna laht,2005,7,NA,45.800971380749075,91.16462066456693,131.68298425988525,154.55495635824525,158.479069218258,163.97282722227584,167,NA
27,176,92.9,0,3,Tallinna laht,2005,7,NA,39.03492173492165,80.86755742362243,120.97432589215894,150.1001433428755,163.83351929273866,174.43310475739816,175.35480784128157,NA
33,147,54.1,0,4,Tallinna laht,2005,7,NA,25.8117134965805,71.79788460177089,107.87957067258037,129.31076239107983,135.7741376712622,140.7067135429803,147,NA
5,176,92.3,0,4,Tallinna laht,2005,8,NA,32.54890875049628,62.84963664165315,123.51789344530351,149.39065123805742,NA,NA,NA,NA
17,189,99.2,0,4,Tallinna laht,2005,8,NA,64.73452834392516,101.88180572797023,136.56671840756118,161.44792709887932,NA,NA,NA,NA
20,174,75.6,0,3,Tallinna laht,2005,8,NA,43.81728569888218,89.37586763833313,132.14931533541244,152.24463365035012,163.60285704574963,168.495630200691,173.21366145724159,174
23,159,70.3,0,4,Tallinna laht,2005,8,NA,30.3164208540749,74.2403851724753,115.31841808808045,131.25629256945655,137.41219117866527,146.77253015979088,153.1814109036246,159.00002839720497
5,102,16.9,1,2,Vilsandi,2013,1,NA,71.79739912597948,NA,NA,NA,NA,NA,NA,NA
9,105,15.7,1,2,Vilsandi,2013,1,NA,66.767857034796,NA,NA,NA,NA,NA,NA,NA
4,102,15.2,3,2,Vilsandi,2013,1,NA,70.35261998982881,NA,NA,NA,NA,NA,NA,NA
8,97,14.2,3,2,Vilsandi,2013,1,NA,63.59728060592047,NA,NA,NA,NA,NA,NA,NA
48,57,2.4,3,2,Vilsandi,2013,1,NA,35.76857026489919,NA,NA,NA,NA,NA,NA,NA
49,48,1.3,3,2,Vilsandi,2013,1,NA,29.200657083687396,NA,NA,NA,NA,NA,NA,NA
50,47,1,3,2,Vilsandi,2013,1,NA,36.28958600499343,NA,NA,NA,NA,NA,NA,NA
51,62,2.6,3,2,Vilsandi,2013,1,NA,34.52591315359937,NA,NA,NA,NA,NA,NA,NA
52,51,1.3,3,2,Vilsandi,2013,1,NA,34.5405740347694,NA,NA,NA,NA,NA,NA,NA
54,58,2.3,3,2,Vilsandi,2013,1,NA,37.32011779032919,NA,NA,NA,NA,NA,NA,NA
58,36,0.5,3,2,Vilsandi,2013,1,NA,23.466089541452984,NA,NA,NA,NA,NA,NA,NA
60,42,0.7,3,2,Vilsandi,2013,1,NA,38.303587035584066,NA,NA,NA,NA,NA,NA,NA
61,43,1.1,3,2,Vilsandi,2013,1,NA,30.211546302177528,NA,NA,NA,NA,NA,NA,NA
2,105,15,0,3,Vilsandi,2013,2,NA,44.059198847572375,91.24066168258112,NA,NA,NA,NA,NA,NA
3,118,23.1,0,4,Vilsandi,2013,2,NA,39.52218806830217,105.77417599593,NA,NA,NA,NA,NA,NA
6,106,19.2,0,4,Vilsandi,2013,2,NA,29.463016135166328,94.15208302167402,NA,NA,NA,NA,NA,NA
7,110,18.1,0,4,Vilsandi,2013,2,NA,46.53405412008415,101.73901438117714,NA,NA,NA,NA,NA,NA
12,126,32.30000000000001,0,3,Vilsandi,2013,2,NA,52.727603108446374,108.71817944157466,NA,NA,NA,NA,NA,NA
15,99,14.9,0,3,Vilsandi,2013,2,NA,34.95867376923507,88.79287517567346,NA,NA,NA,NA,NA,NA
19,121,26.8,0,3,Vilsandi,2013,2,NA,55.38181327710906,112.39511581013821,NA,NA,NA,NA,NA,NA
1,107,17.6,1,2,Vilsandi,2013,2,NA,73.34274875850055,107.45245198070226,NA,NA,NA,NA,NA,NA
13,138,33,1,4,Vilsandi,2013,2,NA,64.09628981980364,132.2635537473612,NA,NA,NA,NA,NA,NA
26,158,62.4,1,2,Vilsandi,2013,2,NA,50.603230101449384,148.47630375390818,NA,NA,NA,NA,NA,NA
36,145,47.1,1,4,Vilsandi,2013,2,NA,80.4175136693356,144.6786278502507,NA,NA,NA,NA,NA,NA
16,119,27.8,3,2,Vilsandi,2013,2,NA,48.23453729694611,107.45263637607894,NA,NA,NA,NA,NA,NA
17,129,32.9,3,2,Vilsandi,2013,2,NA,47.020026586799666,116.44756517779796,NA,NA,NA,NA,NA,NA
18,122,28,3,2,Vilsandi,2013,2,NA,40.47872085758882,108.04500066686096,NA,NA,NA,NA,NA,NA
21,130,29.4,3,2,Vilsandi,2013,2,NA,62.8265933249707,110.88787099310794,NA,NA,NA,NA,NA,NA
22,111,19.7,3,2,Vilsandi,2013,2,NA,30.826533578267277,97.21902589067884,NA,NA,NA,NA,NA,NA
34,145,55.4,3,2,Vilsandi,2013,2,NA,66.93999067397206,135.60875044621318,NA,NA,NA,NA,NA,NA
39,147,52.1,3,2,Vilsandi,2013,2,NA,60.77714923063959,131.45545391056044,NA,NA,NA,NA,NA,NA
20,130,35.2,0,4,Vilsandi,2013,3,NA,38.14203784520313,86.09032973356214,122.6813881020693,NA,NA,NA,NA,NA
25,152,58,0,3,Vilsandi,2013,3,NA,65.35431334542662,132.81061634785144,152,NA,NA,NA,NA,NA
32,157,65.6,0,2,Vilsandi,2013,3,NA,30.70679933375242,88.79598335068694,144.6229509958796,NA,NA,NA,NA,NA
33,165,67.8,0,2,Vilsandi,2013,3,NA,43.15148369924043,102.2906020311982,151.5366106790099,NA,NA,NA,NA,NA
11,177,73.9,1,3,Vilsandi,2013,3,NA,36.70993557485792,115.76174923823139,177,NA,NA,NA,NA,NA
27,175,85.7,1,2,Vilsandi,2013,3,NA,48.99301509382951,123.17139197552869,165.2488959839703,NA,NA,NA,NA,NA
29,202,99.4,1,3,Vilsandi,2013,3,NA,43.91812131689406,130.99651254196928,186.43439301969417,NA,NA,NA,NA,NA
30,196,105.7,1,3,Vilsandi,2013,3,NA,63.15334915502224,145.8933992797207,191.16921269654625,NA,NA,NA,NA,NA
31,182,79.1,1,3,Vilsandi,2013,3,NA,55.35947499269634,130.0323859725591,178.83398687481744,NA,NA,NA,NA,NA
44,204,112.4,1,3,Vilsandi,2013,3,NA,79.80716060836966,154.05735604088198,199.27139332776125,NA,NA,NA,NA,NA
23,165,73.1,3,2,Vilsandi,2013,3,NA,48.35847275737433,112.70367168857364,156.93229436571838,NA,NA,NA,NA,NA
37,155,56.8,3,2,Vilsandi,2013,3,NA,38.80984628972678,98.18341452865913,139.83652153862664,NA,NA,NA,NA,NA
40,167,64.9,3,2,Vilsandi,2013,3,NA,38.58720705831797,111.40698184179521,163.33361802882385,NA,NA,NA,NA,NA
42,180,90.8,3,2,Vilsandi,2013,3,NA,75.57898970598781,144.07251416562673,180,NA,NA,NA,NA,NA
24,179,79.4,0,3,Vilsandi,2013,4,NA,47.29739779162257,94.8836600493801,149.09576208680372,170.9428996296051,NA,NA,NA,NA
35,192,98.1,0,3,Vilsandi,2013,4,NA,58.10164898358633,108.85858296852727,155.79417480945253,188.02729100153596,NA,NA,NA,NA
38,170,74.1,0,4,Vilsandi,2013,4,NA,74.22399591267985,138.53319769291085,158.96589814662212,167.20469419714428,NA,NA,NA,NA
41,161,73.2,0,3,Vilsandi,2013,4,NA,27.8818474681041,81.39836045279063,126.83156215142215,155.53651882116645,NA,NA,NA,NA
43,212,128.3,1,4,Vilsandi,2013,4,NA,40.84558676361767,107.54339642260372,171.2992309522007,212,NA,NA,NA,NA
